,ME,2W-FRI,W-FRI
2015-10-09,,998000.0,998000.0
2015-10-16,,,1007122.0291982502
2015-10-23,,1317171.2095698507,1012717.3841006996
2015-10-30,,,1304057.5873338007
2015-10-31,998000.0,,
2015-11-06,,1298074.9195460724,1293642.508648524
2015-11-13,,,1274133.1592998067
2015-11-20,,1599286.9576650292,1295138.2784390075
2015-11-27,,,1589687.1188191208
2015-11-30,1284650.371098166,,
2015-12-04,,1597222.7153748174,1593144.884864746
2015-12-11,,,1573756.5113208299
2015-12-18,,1872518.1910454042,1572755.3962749722
2015-12-25,,,1890961.1140194905
2015-12-31,1567341.8006536127,,
2016-01-01,,1873882.3968411922,1874201.0400190775
2016-01-08,,,1844672.536831764
2016-01-15,,1831682.7556882028,1830729.0092471563
2016-01-22,,,1847142.4076347006
2016-01-29,,2183297.0863050506,2179465.679036144
2016-01-31,1867764.1404022472,,
2016-02-05,,,2169124.047014124
2016-02-12,,2188429.7401375556,2183613.4512045053
2016-02-19,,,2208017.663123578
2016-02-26,,2524214.1216915883,2515691.439943088
2016-02-29,2204021.9108129,,
2016-03-04,,,2554550.132521893
2016-03-11,,2563702.5136229177,2554603.2044585873
2016-03-18,,,2582564.4314909293
2016-03-25,,2877752.3526049126,2865372.8978706533
2016-03-31,2584449.7371991808,,
2016-04-01,,,2904653.853349397
2016-04-08,,2913086.6565416534,2900767.882487442
2016-04-15,,,2921009.72574296
2016-04-22,,3212871.324046611,2900419.1247140234
2016-04-29,,,3205205.1064407257
2016-04-30,2889260.12658663,,
2016-05-06,,3208797.660788235,3196245.9547839034
2016-05-13,,,3193813.8920638426
2016-05-20,,3486975.68117749,3176468.8594949874
2016-05-27,,,3500640.512522974
2016-05-31,3185755.9522279957,,
2016-06-03,,3555536.8930055085,3545281.041765616
2016-06-10,,,3556416.7287609633
2016-06-17,,3861137.0927613354,3550098.539431521
2016-06-24,,,3837022.3341940474
2016-06-30,3590481.811073086,,
2016-07-01,,3948814.3150875187,3937947.167689796
2016-07-08,,,3979419.073314801
2016-07-15,,3971709.943065049,3961147.063463453
2016-07-22,,,3978070.9511333
2016-07-29,,4329096.2431712765,4317127.454830536
2016-07-31,3990186.014410121,,
2016-08-05,,,4302160.931618924
2016-08-12,,4340912.572133725,4328943.39179672
2016-08-19,,,4321445.5063195955
2016-08-26,,4602295.336986899,4591025.047489271
2016-08-31,4268170.194549889,,
2016-09-02,,,4611846.932778525
2016-09-09,,4561593.270373089,4550501.449128599
2016-09-16,,,4557037.954456637
2016-09-23,,4926941.439768227,4611825.583177066
2016-09-30,4585464.022006747,,4911236.462726832
2016-10-07,,4869797.380892311,4854644.440205929
2016-10-14,,,4811059.216995414
2016-10-21,,5164298.655930333,4849624.457351346
2016-10-28,,,5106726.773294293
2016-10-31,4792722.69132896,,
2016-11-04,,5102385.333045301,5087711.829919838
2016-11-11,,,4990724.260564243
2016-11-18,,5284723.892795169,4975157.622174439
2016-11-25,,,5291133.1798430495
2016-11-30,4950630.029938514,,
2016-12-02,,5266680.801812821,5257325.174285959
2016-12-09,,,5293739.430504583
2016-12-16,,5263818.554351752,5254312.220241029
2016-12-23,,,5266698.196475672
2016-12-30,,5597752.9476127,5587637.234298464
2016-12-31,5261396.97635615,,
2017-01-06,,,5664073.112662342
2017-01-13,,5710908.388752833,5700324.872663818
2017-01-20,,,5681973.169913864
2017-01-27,,6020944.609466497,6011374.539245678
2017-01-31,5687125.501196812,,
2017-02-03,,,6032020.145770359
2017-02-10,,6096017.12535038,6086297.173984129
2017-02-17,,,6116080.608792094
2017-02-24,,6477995.642862658,6466777.597730477
2017-02-28,6115220.145786452,,
2017-03-03,,,6423050.773659061
2017-03-10,,6388131.65780887,6376641.308163785
2017-03-17,,,6441842.498326191
2017-03-24,,6780952.385969392,6464720.338870283
2017-03-31,6445599.605855067,,6776913.906761278
2017-04-07,,6796887.033633123,6780677.973437641
2017-04-14,,,6815714.483067557
2017-04-21,,7158976.0320975995,6840450.171068205
2017-04-28,,,7169837.970292971
2017-04-30,6835627.122680031,,
2017-05-05,,7172298.3632357465,7152898.2592862025
2017-05-12,,,7175760.747265014
2017-05-19,,7539748.027096776,7217627.453684949
2017-05-26,,,7572823.366926547
2017-05-31,7238063.088906287,,
2017-06-02,,7664766.425664282,7642252.488420913
2017-06-09,,,7593181.366821759
2017-06-16,,7621688.751341362,7599183.0074541485
2017-06-23,,,7643018.32448466
2017-06-30,7521064.402109413,7879851.185988903,7856050.023211799
2017-07-07,,,7802879.999782493
2017-07-14,,7945118.620529985,7920951.208343684
2017-07-21,,,7997615.34534654
2017-07-28,,8311860.0826596925,8284653.722524814
2017-07-31,7948471.758849831,,
2017-08-04,,,8302457.429248386
2017-08-11,,8328061.568914705,8300918.787655608
2017-08-18,,,8299516.593394505
2017-08-25,,8684761.401355226,8657151.982771628
2017-08-31,8397590.562909123,,
2017-09-01,,,8732321.06672441
2017-09-08,,8789194.047122123,8761633.734406523
2017-09-15,,,8756401.880802497
2017-09-22,,9034907.192871025,8708933.97887261
2017-09-29,,,8980351.421442468
2017-09-30,8639351.939756077,,
2017-10-06,,9040425.6316912,9014082.51008901
2017-10-13,,,9103847.908805909
2017-10-20,,9387370.382652888,9059933.933315342
2017-10-27,,,9359966.43491111
2017-10-31,9041180.172055367,,
2017-11-03,,9452845.183320893,9425197.590370312
2017-11-10,,,9398977.446232865
2017-11-17,,9785525.047106296,9456925.197250854
2017-11-24,,,9812001.964156702
2017-11-30,9420798.94637535,,
2017-12-01,,9811744.893091265,9783481.304047834
2017-12-08,,,9771173.918050094
2017-12-15,,9870511.262600334,9842011.452503182
2017-12-22,,,9827263.672299733
2017-12-29,,10214394.311327737,10186287.007754851
2017-12-31,9838919.824983958,,
2018-01-05,,,10310407.746566223
2018-01-12,,10383795.30593459,10353574.656524584
2018-01-19,,,10361411.220971849
2018-01-26,,10825185.515300646,10793169.337570984
2018-01-31,10356238.383429626,,
2018-02-02,,,10507302.620462988
2018-02-09,,10289472.999045018,10255362.546544086
2018-02-16,,,10504781.13380998
2018-02-23,,10865940.298838157,10822520.50980155
2018-02-28,10407411.99876782,,
2018-03-02,,,10732358.8862898
2018-03-09,,10925925.899098415,10884408.903661858
2018-03-16,,,10861672.882654386
2018-03-23,,10981660.264362924,10644944.163167005
2018-03-30,,,11053395.516113369
2018-03-31,10695864.759511998,,
2018-04-06,,11004310.708762463,10968491.989701776
2018-04-13,,,11056627.323624067
2018-04-20,,11338259.658685973,11000530.86090766
2018-04-27,,,11295766.172524637
2018-04-30,10902937.810853342,,
2018-05-04,,11332067.403753389,11294286.695225881
2018-05-11,,,11408645.95979262
2018-05-18,,11616935.911326144,11279761.650666075
2018-05-25,,,11688268.8630656
2018-05-31,11341172.446937129,,
2018-06-01,,11770937.528850002,11733073.178185258
2018-06-08,,,11771758.55323954
2018-06-15,,11800972.090823036,11762943.017012555
2018-06-22,,,11708356.223517245
2018-06-29,,11987198.85196032,11950177.595707422
2018-06-30,11591645.49647681,,
2018-07-06,,,12046624.785673922
2018-07-13,,12148093.288396759,12109906.064889602
2018-07-20,,,12058743.253028275
2018-07-27,,12381477.408527682,12344290.852682507
2018-07-31,11988669.394210277,,
2018-08-03,,,12362861.335590143
2018-08-10,,12411369.092255117,12373737.455269005
2018-08-17,,,12339242.877572224
2018-08-24,,12806381.18238395,12466995.20464866
2018-08-31,12422872.178049479,,12779412.537104314
2018-09-07,,12664808.622629246,12626258.996966196
2018-09-14,,,12664231.152320517
2018-09-21,,13029087.91773974,12688179.235310445
2018-09-28,,,12984999.944825126
2018-09-30,12627432.695204463,,
2018-10-05,,12803198.044602845,12763247.209929397
2018-10-12,,,12658256.602505807
2018-10-19,,12959077.445139969,12622786.715419328
2018-10-26,,,12804773.806209346
2018-10-31,12487379.725243535,,
2018-11-02,,12914597.889501786,12883655.22477336
2018-11-09,,,12929844.635895245
2018-11-16,,12994486.487450447,12965456.635855889
2018-11-23,,,12780252.566734351
2018-11-30,12977634.747402186,13365912.357844913,13347436.499147357
2018-12-07,,,13257861.312175857
2018-12-14,,13223494.783040764,13204361.645617202
2018-12-21,,,12972846.212286059
2018-12-28,,13486618.462690555,13479061.784326602
2018-12-31,13160212.25318965,,
2019-01-04,,,13615411.506742252
2019-01-11,,13747119.942180691,13738305.22355631
2019-01-18,,,13828370.221518738
2019-01-25,,14205443.349312022,14195203.984569842
2019-01-31,14007071.548084732,,
2019-02-01,,,14328213.55929167
2019-02-08,,14371814.831733083,14361648.953953346
2019-02-15,,,14456283.06940135
2019-02-22,,14836329.919733953,14823869.246995766
2019-02-28,14366306.342480512,,
2019-03-01,,,14711162.978719251
2019-03-08,,14710191.481823865,14699932.569222296
2019-03-15,,,14916662.217936454
2019-03-22,,15305382.913934968,14991077.90303363
2019-03-29,,,15370911.403655924
2019-03-31,14992620.487730375,,
2019-04-05,,15483370.477667494,15468336.069579398
2019-04-12,,,15450296.64065652
2019-04-19,,15771933.112253254,15457083.926122608
2019-04-26,,,15850461.657365609
2019-04-30,15464944.457963148,,
2019-05-03,,15873305.859438274,15858558.689750085
2019-05-10,,,15719698.19077736
2019-05-17,,15670053.664645242,15651543.341167482
2019-05-24,,,15629202.249722596
2019-05-31,15631585.778605819,16018914.8884988,15997459.837127281
2019-06-07,,,16290836.635879777
2019-06-14,,16341873.42186426,16319150.35050045
2019-06-21,,,16599086.08452198
2019-06-28,,16969821.038830236,16941907.02715209
2019-06-30,16574703.901716886,,
2019-07-05,,,17020442.5812727
2019-07-12,,17048563.364763398,17019604.501200352
2019-07-19,,,17022223.877315477
2019-07-26,,17417020.06017712,17389231.972388376
2019-07-31,16931577.584984757,,
2019-08-02,,,17334286.35761102
2019-08-09,,17494962.378457434,17459931.40079468
2019-08-16,,,17593906.26392405
2019-08-23,,17849688.08531031,17512054.114265386
2019-08-30,,,18040682.203445595
2019-08-31,17671046.730568737,,
2019-09-06,,18176612.832368214,18135305.27134783
2019-09-13,,,17914254.57389836
2019-09-20,,18388705.149652585,18056955.26208437
2019-09-27,,,18254475.502829384
2019-09-30,17904256.0335825,,
2019-10-04,,18450577.710872125,18417856.452655002
2019-10-11,,,18292842.525720213
2019-10-18,,18653619.87026179,18321478.570332874
2019-10-25,,,18719732.62526093
2019-10-31,18468386.20900899,,
2019-11-01,,18949016.07706845,18916047.893151138
2019-11-08,,,18731489.451329466
2019-11-15,,18899760.687355254,18868770.888992414
2019-11-22,,,18897115.172814213
2019-11-29,,19294098.5670493,19262652.000897866
2019-11-30,18876982.439754684,,
2019-12-06,,,19233071.90847405
2019-12-13,,19419078.186570954,19386651.46532509
2019-12-20,,,19470290.918048218
2019-12-27,,19946649.764016885,19911952.34735166
2019-12-31,19446969.423163284,,
2020-01-03,,,20030016.505317077
2020-01-10,,20165017.080230806,20130479.103310224
2020-01-17,,,20270510.427490443
2020-01-24,,20650272.979251254,20315178.77050092
2020-01-31,20174054.883321602,,20553933.100816607
2020-02-07,,20795980.47405653,20769139.24368747
2020-02-14,,,20948073.751799386
2020-02-21,,21343662.70384196,21015401.10675813
2020-02-28,,,20687485.084781595
2020-02-29,20293053.756103203,,
2020-03-06,,21267171.311602134,21215652.26936983
2020-03-13,,,19873664.579513732
2020-03-20,,19297837.027883098,18948057.439247552
2020-03-27,,,20343536.10607172
2020-03-31,19992225.390196912,,
2020-04-03,,20341334.289400224,20295334.11930024
2020-04-10,,,21098606.29488603
2020-04-17,,21894770.100123882,21512363.482256137
2020-04-24,,,21833204.738540392
2020-04-30,21458675.155301258,,
2020-05-01,,21780555.22850624,21699993.00883547
2020-05-08,,,21988832.878727823
2020-05-15,,22029092.850326482,21954323.513781898
2020-05-22,,,22146315.939894296
2020-05-29,,22739739.095524583,22656287.49973693
2020-05-31,22190615.236916445,,
2020-06-05,,,22818101.72697653
2020-06-12,,22845305.525305226,22787006.4676632
2020-06-19,,,22999019.413462054
2020-06-26,,23312588.883672588,23253945.483491566
2020-06-30,22935653.72182613,,
2020-07-03,,,23610018.04423874
2020-07-10,,24074016.669293456,24007487.95561132
2020-07-17,,,24032284.344844528
2020-07-24,,24575414.95230798,24204952.880129825
2020-07-31,24326949.060239024,,24840583.690752402
2020-08-07,,25168202.714916624,25092614.95800791
2020-08-14,,,24840415.27835285
2020-08-21,,25443074.173321456,25067798.399488993
2020-08-28,,,25580536.252357233
2020-08-31,25057270.565007675,,
2020-09-04,,25398320.80739591,25331614.475808118
2020-09-11,,,25144571.785019726
2020-09-18,,25451677.538263932,25087143.76599493
2020-09-25,,,25253619.52098889
2020-09-30,24939097.097430695,,
2020-10-02,,25465109.69970342,25404838.994726595
2020-10-09,,,25753058.02042273
2020-10-16,,25834923.541147057,25774539.125269335
2020-10-23,,,25639148.450750127
2020-10-30,,25412877.80980503,25356904.21250345
2020-10-31,24843758.19487904,,
2020-11-06,,,26319975.04685544
2020-11-13,,26345179.492001675,26282723.28835029
2020-11-20,,,26366967.339595545
2020-11-27,,26834682.444891874,26771152.088475127
2020-11-30,26146857.11710756,,
2020-12-04,,,26854787.67527346
2020-12-11,,26964677.0122566,26905827.491260603
2020-12-18,,,27063748.999016356
2020-12-25,,27410543.62532574,27350718.395175688
2020-12-31,27082137.2229031,,
2021-01-01,,,27595220.567311455
2021-01-08,,27634591.815555934,27568512.685322076
2021-01-15,,,27399067.41699882
2021-01-22,,28116083.44325681,27750725.833672192
2021-01-29,,,27629173.085283283
2021-01-31,27108152.396338698,,
2021-02-05,,28051166.006351307,28000959.528093643
2021-02-12,,,28178575.11080614
2021-02-19,,28186122.48068347,27836937.900035482
2021-02-26,,,27528675.335904717
2021-02-28,27009090.248927694,,
2021-03-05,,27341263.147596594,27295665.673413474
2021-03-12,,,27435951.868045576
2021-03-19,,27659514.847243913,27313247.73987144
2021-03-26,,,27768182.054776683
2021-03-31,27174848.49325988,,
2021-04-02,,28005138.108204965,27957521.519005347
2021-04-09,,,28238374.05091061
2021-04-16,,28600032.82021947,28550538.18284691
2021-04-23,,,28575708.724340267
2021-04-30,28230432.136399046,28796691.803112056,28747411.2495395
2021-05-07,,,28982903.49922944
2021-05-14,,28726995.272533026,28676494.8878045
2021-05-21,,,28747876.1253061
2021-05-28,,29402573.097624667,29350383.180087358
2021-05-31,28829820.11296915,,
2021-06-04,,,29522324.8716554
2021-06-11,,29731057.956531398,29678008.224988077
2021-06-18,,,29440768.362343743
2021-06-25,,29958069.381970488,29915031.42831446
2021-06-30,29529288.52481773,,
2021-07-02,,,30229493.467144918
2021-07-09,,30376980.84616077,30331055.967802804
2021-07-16,,,30338025.69100075
2021-07-23,,30843876.211485818,30497998.071158826
2021-07-30,,,30781177.198660303
2021-07-31,30258112.840465013,,
2021-08-06,,30749153.821203407,30705479.650832467
2021-08-13,,,30817505.118905745
2021-08-20,,31072113.097420555,30727195.62765284
2021-08-27,,,31331254.906293992
2021-08-31,30868477.42737435,,
2021-09-03,,31535837.240465023,31485630.305016797
2021-09-10,,,31224843.96298663
2021-09-17,,31383649.610481203,31036736.827807758
2021-09-24,,,31202996.273123134
2021-09-30,30219605.331229188,,
2021-10-01,,30954524.728414346,30909339.467082396
2021-10-08,,,30802720.413426083
2021-10-15,,31229720.102815855,31183640.567301262
2021-10-22,,,31308460.10197266
2021-10-29,,31918434.50061979,31870240.078323953
2021-10-31,31344475.437368717,,
2021-11-05,,,32301820.176656686
2021-11-12,,32317033.631134078,32269028.031804573
2021-11-19,,,32317028.415118214
2021-11-26,,32282409.26859825,32232117.419808593
2021-11-30,31722972.95799531,,
2021-12-03,,,32302031.05906296
2021-12-10,,32546922.533192206,32507114.595668618
2021-12-17,,,32341065.776795328
2021-12-24,,32866597.34602119,32534217.49751734
2021-12-31,32371294.974478714,,32918582.638875194
2022-01-07,,32260579.96251077,32228344.20919459
2022-01-14,,,32311108.525743652
2022-01-21,,32056032.747532587,31728018.982115623
2022-01-28,,,31860848.493967958
2022-01-31,31620981.331789467,,
2022-02-04,,31945606.345191143,31919786.627562575
2022-02-11,,,31771943.428831853
2022-02-18,,32025386.431247164,31697137.916440163
2022-02-25,,,31915189.783293042
2022-02-28,31544009.241520807,,
2022-03-04,,32017177.530498058,31987368.574653856
2022-03-11,,,31208121.596663456
2022-03-18,,32118631.589450028,31803303.596349083
2022-03-25,,,31937849.79109097
2022-03-31,31583034.31999248,,
2022-04-01,,32181040.26319919,32171858.322285935
2022-04-08,,,31496357.63952324
2022-04-15,,31055121.482590225,31038857.185334563
2022-04-22,,,30478193.363009006
2022-04-29,,30401751.163607027,30387180.07532275
2022-04-30,29840211.421606284,,
2022-05-06,,,29878570.85817758
2022-05-13,,29735658.47153958,29726865.523063354
2022-05-20,,,29708852.20635852
2022-05-27,,30749793.476031374,30759431.667557523
2022-05-31,29971898.664342195,,
2022-06-03,,,30441962.6285448
2022-06-10,,29699709.9161208,29707646.083490342
2022-06-17,,,28955566.27744755
2022-06-24,,29968670.518609658,30001671.045412682
2022-06-30,29178585.54148538,,
2022-07-01,,,29955517.93633846
2022-07-08,,29819833.990629025,29867473.54375184
2022-07-15,,,29846219.507162776
2022-07-22,,30653299.99763421,30397226.92945938
2022-07-29,,,31231139.442704033
2022-07-31,30631738.060078703,,
2022-08-05,,31172726.18856658,31213501.446974505
2022-08-12,,,31599034.496713467
2022-08-19,,31333888.206092417,31076654.231641013
2022-08-26,,,30952891.985135086
2022-08-31,29885229.01713323,,
2022-09-02,,30224441.455353472,30261283.04576557
2022-09-09,,,30494308.614614546
2022-09-16,,29679888.91765724,29727191.42230494
2022-09-23,,,28926953.97115644
2022-09-30,28149667.645799894,28666156.634430166,28714534.634620808
2022-10-07,,,28853345.954872835
2022-10-14,,28252200.85543101,28301874.78872868
2022-10-21,,,28517664.899831157
2022-10-28,,29255706.579754923,29307443.983443376
2022-10-31,28565436.56277621,,
2022-11-04,,,28972793.524646953
2022-11-11,,30182031.109721504,30241729.54425984
2022-11-18,,,30226333.15628891
2022-11-25,,30804092.385846287,30862435.839576684
2022-11-30,30620917.23880025,,
2022-12-02,,,31556966.166015565
2022-12-09,,31032455.522004407,31090075.675441433
2022-12-16,,,30943087.726738185
2022-12-23,,30750109.62502661,30515691.114360686
2022-12-30,,,30654662.393522784
2022-12-31,30069547.414978553,,
2023-01-06,,31421512.270887867,31491579.293230206
2023-01-13,,,32113912.724445805
2023-01-20,,32361162.695919424,32126067.529490314
2023-01-27,,,32799335.37567639
2023-01-31,32155625.100683983,,
2023-02-03,,32739957.60818324,32799124.216418713
2023-02-10,,,32317033.47497005
2023-02-17,,32386988.911142834,32150612.472608496
2023-02-24,,,31852637.72753292
2023-02-28,31370613.66315177,,
2023-03-03,,32240127.228348754,32306871.27500121
2023-03-10,,,32143367.122703366
2023-03-17,,32741115.014188733,32808663.910859253
2023-03-24,,,33115769.26454265
2023-03-31,33095872.770811994,33666013.72356793,33727918.34074349
2023-04-07,,,34000409.48380059
2023-04-14,,33729394.48776398,33795680.23331925
2023-04-21,,,33612936.162095875
2023-04-28,,34192504.85805318,34260598.989539064
2023-04-30,33617501.67516187,,
2023-05-05,,,34237554.12837735
2023-05-12,,34044928.708811946,34112972.41793436
2023-05-19,,,34019440.6940021
2023-05-26,,34293995.73787822,34355930.10738546
2023-05-31,33826576.4022766,,
2023-06-02,,,34714963.03988445
2023-06-09,,34723717.51321618,34786069.677852556
2023-06-16,,,35212497.56402565
2023-06-23,,35147343.433376506,34912896.88693192
2023-06-30,34778032.9830911,,35418442.71902357
2023-07-07,,34895240.04193141,34958589.46595688
2023-07-14,,,35750522.93291664
2023-07-21,,35977298.36782247,35736944.69435166
2023-07-28,,,36150287.95889694
2023-07-31,35557807.47295222,,
2023-08-04,,35476510.641342424,35538691.26240132
2023-08-11,,,35181281.155240424
2023-08-18,,34909448.58178253,34676184.11226685
2023-08-25,,,35274421.58147604
2023-08-31,35187919.373225875,,
2023-09-01,,35682582.14962287,35749773.4866574
2023-09-08,,,35420495.565556824
2023-09-15,,35254972.079836614,35322277.73397127
2023-09-22,,,34798564.856381185
2023-09-29,,34559049.67692929,34630797.5252006
2023-09-30,34003932.65984522,,
2023-10-06,,,34349865.27014355
2023-10-13,,34782155.867753856,34860497.062744945
2023-10-20,,,34159780.211110584
2023-10-27,,34273332.261321574,34353887.63708463
2023-10-31,33792402.77406273,,
2023-11-03,,,35527383.41851468
2023-11-10,,35524194.945897296,35597824.418114774
2023-11-17,,,36270589.57793112
2023-11-24,,36624095.825519316,36693075.04892182
2023-11-30,36347682.253397025,,
2023-12-01,,,37322857.693019375
2023-12-08,,37188694.925545916,37258691.433543086
2023-12-15,,,38208306.35873804
2023-12-22,,38615828.38760578,38381039.99257089
2023-12-29,,,38867876.51520565
2023-12-31,38203461.8992433,,
2024-01-05,,38193251.49161803,38258211.54698552
2024-01-12,,,38617589.0141562
2024-01-19,,38674364.77320032,38432401.885056555
2024-01-26,,,38854741.893063016
2024-01-31,38360847.732577085,,
2024-02-02,,39213572.30530942,39273283.199725896
2024-02-09,,,39286557.24016208
2024-02-16,,39324924.90878399,39083379.75194428
2024-02-23,,,39776618.62644447
2024-02-29,39132673.07610514,,
2024-03-01,,40080392.074907914,40139288.968462154
2024-03-08,,,40449875.94636169
2024-03-15,,39954140.739803724,40014381.72166537
2024-03-22,,,40496472.56802573
2024-03-29,,40939163.52878337,40998187.06995411
2024-03-31,40324912.026463546,,
2024-04-05,,,40776799.54099579
2024-04-12,,40384182.30096051,40438287.64632146
2024-04-19,,,39832727.64798531
2024-04-26,,40413708.42718118,40485519.971129656
2024-04-30,39538490.63900203,,
2024-05-03,,,40909583.231016904
2024-05-10,,41188083.6695711,41264696.942160785
2024-05-17,,,41869629.696112536
2024-05-24,,41911190.92431351,41687259.75054369
2024-05-31,40998847.26551793,,41685092.42643131
2024-06-07,,41925649.96247507,42003172.77336037
2024-06-14,,,42828215.92684707
2024-06-21,,43070925.52649647,42845114.73067287
2024-06-28,,,42907864.829877675
2024-06-30,42214730.84312164,,
2024-07-05,,43545492.651464865,43619257.69983185
2024-07-12,,,44015975.865181595
2024-07-19,,43580831.45919983,43356380.1859248
2024-07-26,,,43470141.166362785
2024-07-31,43369064.36082583,,
2024-08-02,,43837977.79377957,43905027.54755036
2024-08-09,,,43709487.71298761
2024-08-16,,44651046.231691256,44714980.232298374
2024-08-23,,,45085010.7318375
2024-08-30,,45039642.77779152,45101284.57172692
2024-08-31,44360785.04369113,,
2024-09-06,,,44715750.52420906
2024-09-13,,45643079.08863064,45728871.85067855
2024-09-20,,,45934323.23401954
2024-09-27,,46596634.26915071,46675490.22156581
2024-09-30,45756326.74130167,,
2024-10-04,,,46358588.98417365
2024-10-11,,46194221.59761161,46268170.70411734
2024-10-18,,,46449760.47915255
2024-10-25,,46302238.2361232,46372655.205461256
2024-10-31,45242025.327387914,,
2024-11-01,,,45906264.97924244
2024-11-08,,46649144.906788066,46723877.695520386
2024-11-15,,,45688532.10168042
2024-11-22,,46494886.45947947,46278941.3696149
2024-11-29,,,47121639.43025213
2024-11-30,46333549.83227332,,
2024-12-06,,47396239.2824901,47480093.22866261
2024-12-13,,,46993942.48457109
2024-12-20,,46563200.03474309,46352367.519917205
2024-12-27,,,46587228.01957806
2024-12-31,45594651.21178907,,
2025-01-03,,46489381.454564855,46579587.64554645
2025-01-10,,,45999057.68258623
2025-01-17,,46723117.841777466,46818681.95384167
2025-01-24,,,47275794.340890914
2025-01-31,46771346.43553723,47465185.85922604,47560326.20114543
2025-02-07,,,47907071.06594894
2025-02-14,,48286239.522695534,48384265.96373349
2025-02-21,,,48347307.34540163
2025-02-28,47711278.69755973,48417715.36733991,48512723.41329292
2025-03-07,,,48048659.84433205
2025-03-14,,47789132.41224579,47871261.86925624
2025-03-21,,,48103117.36761275
2025-03-28,,48044870.506286934,48124205.95224253
2025-03-31,47589997.90550332,,
2025-04-04,,,46824994.93972382
2025-04-11,,47144424.68225328,47331027.38523818
2025-04-18,,,47443588.20779111
2025-04-25,,48618988.76761491,48823378.400905594
2025-04-30,48185206.941731915,,
2025-05-02,,,49252527.07143697
2025-05-09,,49028945.68178257,49239392.00583826
2025-05-16,,,49935267.5922549
2025-05-23,,49714255.04919327,49650584.653521195
2025-05-30,,,50311417.16563789
2025-05-31,49365772.95593409,,
2025-06-06,,50372621.5291492,50614110.92265181
2025-06-13,,,50951585.88841481
2025-06-20,,50914470.79233716,50858218.42381264
2025-06-27,,,51964315.21366146
2025-06-30,51275236.49453845,,
2025-07-04,,52096975.45332197,52343727.07667944
2025-07-11,,,52112473.06870582
2025-07-18,,52339611.86895587,52286435.10185117
2025-07-25,,,52984532.68705078
2025-07-31,51794027.9605979,,
2025-08-01,,52589233.40939924,52839536.32854007
2025-08-08,,,53417591.59057678
2025-08-15,,53159929.53176306,53408589.958716564
2025-08-22,,,53658534.91390542
2025-08-29,,53755308.965704575,54003833.69478861
2025-08-31,52991745.77666471,,
2025-09-05,,,54731036.59416142
2025-09-12,,55179636.027699806,55433667.0432385
2025-09-19,,,55701233.6829398
2025-09-26,,55717266.8923359,55970449.29511593
2025-09-30,55354299.24912601,,
2025-10-03,,,56647984.83803213
2025-10-10,,56431779.641075745,56684413.85184772
2025-10-31,55657046.136784784,,
