date,regime,lev,w_SPY,w_IEF,w_BIL,w_EEM,w_GLD,w_QQQ,exp_SPY,exp_IEF,exp_BIL,exp_EEM,exp_GLD,exp_QQQ
2017-03-24,very_risk_on,2.0,0.764514,0.0,0.0,0.0,0.235486,0.0,1.529028,0.0,0.0,0.0,0.470972,0.0
2017-03-31,very_risk_on,2.0,0.764514,0.0,0.0,0.0,0.235486,0.0,1.529028,0.0,0.0,0.0,0.470972,0.0
2017-04-07,very_risk_on,2.0,0.748089,0.0,0.0,0.0,0.251911,0.0,1.496178,0.0,0.0,0.0,0.503822,0.0
2017-04-14,very_risk_on,2.0,0.748089,0.0,0.0,0.0,0.251911,0.0,1.496178,0.0,0.0,0.0,0.503822,0.0
2017-04-21,very_risk_on,2.0,0.748089,0.0,0.0,0.0,0.251911,0.0,1.496178,0.0,0.0,0.0,0.503822,0.0
2017-04-28,very_risk_on,2.0,0.748089,0.0,0.0,0.0,0.251911,0.0,1.496178,0.0,0.0,0.0,0.503822,0.0
2017-05-05,risk_on,2.0,0.543475,0.0,0.0,0.251583,0.0,0.204943,1.086949,0.0,0.0,0.503165,0.0,0.409885
2017-05-12,risk_on,2.0,0.543475,0.0,0.0,0.251583,0.0,0.204943,1.086949,0.0,0.0,0.503165,0.0,0.409885
2017-05-19,neutral,2.0,0.167395,0.0,0.0,0.181913,0.197375,0.453317,0.33479,0.0,0.0,0.363825,0.394751,0.906634
2017-05-26,very_risk_on,2.0,0.007354,0.318231,0.0,0.125216,0.241697,0.307502,0.014708,0.636462,0.0,0.250432,0.483394,0.615004
2017-06-02,very_risk_on,2.0,0.007354,0.318231,0.0,0.125216,0.241697,0.307502,0.014708,0.636462,0.0,0.250432,0.483394,0.615004
2017-06-09,neutral,2.0,0.0,0.255353,0.0,0.023566,0.258348,0.462733,0.0,0.510706,0.0,0.047132,0.516696,0.925466
2017-06-16,risk_on,2.0,0.0,0.07413,0.0,0.12514,0.301788,0.498943,0.0,0.148259,0.0,0.25028,0.603575,0.997885
2017-06-23,neutral,2.0,0.0,0.255353,0.0,0.023566,0.258348,0.462733,0.0,0.510706,0.0,0.047132,0.516696,0.925466
2017-06-30,risk_on,2.0,0.0,0.07413,0.0,0.12514,0.301788,0.498943,0.0,0.148259,0.0,0.25028,0.603575,0.997885
2017-07-07,neutral,2.0,0.0,0.43385,0.0,0.008605,0.089995,0.46755,0.0,0.8677,0.0,0.01721,0.17999,0.935099
2017-07-14,risk_on,2.0,0.822144,0.0,0.0,0.0,0.0,0.177856,1.644288,0.0,0.0,0.0,0.0,0.355712
2017-07-21,very_risk_on,2.0,0.007354,0.318231,0.0,0.125216,0.241697,0.307502,0.014708,0.636462,0.0,0.250432,0.483394,0.615004
2017-07-28,very_risk_on,2.0,0.007354,0.318231,0.0,0.125216,0.241697,0.307502,0.014708,0.636462,0.0,0.250432,0.483394,0.615004
2017-08-04,very_risk_on,2.0,0.007354,0.318231,0.0,0.125216,0.241697,0.307502,0.014708,0.636462,0.0,0.250432,0.483394,0.615004
2017-08-11,risk_on,2.0,0.822144,0.0,0.0,0.0,0.0,0.177856,1.644288,0.0,0.0,0.0,0.0,0.355712
2017-08-18,neutral,2.0,0.417531,0.292903,0.0,0.289566,0.0,0.0,0.835062,0.585806,0.0,0.579132,0.0,0.0
2017-08-25,risk_on,2.0,0.822144,0.0,0.0,0.0,0.0,0.177856,1.644288,0.0,0.0,0.0,0.0,0.355712
2017-09-01,very_risk_on,2.0,0.005644,0.314334,0.0,0.125143,0.243286,0.311593,0.011289,0.628668,0.0,0.250286,0.486571,0.623185
2017-09-08,very_risk_on,2.0,0.005644,0.314334,0.0,0.125143,0.243286,0.311593,0.011289,0.628668,0.0,0.250286,0.486571,0.623185
2017-09-15,very_risk_on,2.0,0.005644,0.314334,0.0,0.125143,0.243286,0.311593,0.011289,0.628668,0.0,0.250286,0.486571,0.623185
2017-09-22,very_risk_on,2.0,0.005644,0.314334,0.0,0.125143,0.243286,0.311593,0.011289,0.628668,0.0,0.250286,0.486571,0.623185
2017-09-29,risk_on,2.0,0.822144,0.0,0.0,0.0,0.0,0.177856,1.644288,0.0,0.0,0.0,0.0,0.355712
2017-10-06,neutral,2.0,0.336276,0.550886,0.0,0.112182,0.0,0.000656,0.672552,1.101772,0.0,0.224364,0.0,0.001312
2017-10-13,risk_on,2.0,0.822144,0.0,0.0,0.0,0.0,0.177856,1.644288,0.0,0.0,0.0,0.0,0.355712
2017-10-20,risk_on,2.0,0.822144,0.0,0.0,0.0,0.0,0.177856,1.644288,0.0,0.0,0.0,0.0,0.355712
2017-10-27,risk_on,2.0,0.822144,0.0,0.0,0.0,0.0,0.177856,1.644288,0.0,0.0,0.0,0.0,0.355712
2017-11-03,neutral,2.0,0.369887,0.448627,0.0,0.179686,0.0018,0.0,0.739774,0.897254,0.0,0.359373,0.003599,0.0
2017-11-10,risk_off,2.0,0.350223,0.474666,0.0,0.175111,0.0,0.0,0.700446,0.949331,0.0,0.350223,0.0,0.0
2017-11-17,risk_on,2.0,0.752676,0.247324,0.0,0.0,0.0,0.0,1.505353,0.494647,0.0,0.0,0.0,0.0
2017-11-24,neutral,2.0,0.369887,0.448627,0.0,0.179686,0.0018,0.0,0.739774,0.897254,0.0,0.359373,0.003599,0.0
2017-12-01,very_risk_on,2.0,0.003082,0.308138,0.0,0.17725,0.246023,0.265508,0.006164,0.616276,0.0,0.354499,0.492045,0.531015
2017-12-08,neutral,2.0,0.576635,0.135444,0.0,0.196101,0.09182,0.0,1.153271,0.270889,0.0,0.392201,0.183639,0.0
2017-12-15,very_risk_on,2.0,0.003082,0.308138,0.0,0.17725,0.246023,0.265508,0.006164,0.616276,0.0,0.354499,0.492045,0.531015
2017-12-22,risk_on,2.0,0.749682,0.206127,0.0,0.044191,0.0,0.0,1.499364,0.412253,0.0,0.088382,0.0,0.0
2017-12-29,very_risk_on,2.0,0.003082,0.308138,0.0,0.17725,0.246023,0.265508,0.006164,0.616276,0.0,0.354499,0.492045,0.531015
2018-01-05,very_risk_on,2.0,0.055563,0.304973,0.0,0.210082,0.247365,0.182018,0.111126,0.609946,0.0,0.420163,0.494729,0.364036
2018-01-12,risk_on,2.0,0.749682,0.206127,0.0,0.044191,0.0,0.0,1.499364,0.412253,0.0,0.088382,0.0,0.0
2018-01-19,risk_on,2.0,0.749682,0.206127,0.0,0.044191,0.0,0.0,1.499364,0.412253,0.0,0.088382,0.0,0.0
2018-01-26,risk_on,2.0,0.749682,0.206127,0.0,0.044191,0.0,0.0,1.499364,0.412253,0.0,0.088382,0.0,0.0
2018-02-02,risk_on,2.0,0.757785,0.242215,0.0,0.0,0.0,0.0,1.515571,0.484429,0.0,0.0,0.0,0.0
2018-02-09,risk_off,2.0,0.389387,0.289661,0.266623,0.049674,0.0,0.004655,0.778774,0.579322,0.533246,0.099349,0.0,0.009309
2018-02-16,risk_off,2.0,0.389387,0.289661,0.266623,0.049674,0.0,0.004655,0.778774,0.579322,0.533246,0.099349,0.0,0.009309
2018-02-23,risk_off,2.0,0.389387,0.289661,0.266623,0.049674,0.0,0.004655,0.778774,0.579322,0.533246,0.099349,0.0,0.009309
2018-03-02,very_risk_on,2.0,0.110639,0.338246,0.0,0.240302,0.213462,0.097351,0.221279,0.676492,0.0,0.480603,0.426924,0.194701
2018-03-09,risk_off,1.367882,0.358447,0.0,0.259744,0.08686,0.0,0.294949,0.490313,0.0,0.355299,0.118815,0.0,0.403455
2018-03-16,risk_off,1.312141,0.358447,0.0,0.259744,0.08686,0.0,0.294949,0.470333,0.0,0.340821,0.113973,0.0,0.387015
2018-03-23,risk_on,2.0,0.757785,0.242215,0.0,0.0,0.0,0.0,1.515571,0.484429,0.0,0.0,0.0,0.0
2018-03-30,neutral,2.0,0.581723,0.32542,0.0,0.046764,0.046094,0.0,1.163446,0.650839,0.0,0.093527,0.092188,0.0
2018-04-06,risk_on,2.0,0.771161,0.228839,0.0,0.0,0.0,0.0,1.542321,0.457679,0.0,0.0,0.0,0.0
2018-04-13,risk_on,2.0,0.771161,0.228839,0.0,0.0,0.0,0.0,1.542321,0.457679,0.0,0.0,0.0,0.0
2018-04-20,neutral,1.681755,0.430952,0.0,0.0,0.0,0.274584,0.294463,0.724756,0.0,0.0,0.0,0.461784,0.495215
2018-04-27,neutral,1.684484,0.430952,0.0,0.0,0.0,0.274584,0.294463,0.725933,0.0,0.0,0.0,0.462533,0.496019
2018-05-04,risk_off,1.180141,0.30724,0.0,0.0,0.0,0.40306,0.2897,0.362587,0.0,0.0,0.0,0.475668,0.341886
2018-05-11,risk_off,1.188991,0.30724,0.0,0.0,0.0,0.40306,0.2897,0.365306,0.0,0.0,0.0,0.479235,0.34445
2018-05-18,neutral,1.571724,0.267522,0.0,0.0,0.0,0.271223,0.461255,0.42047,0.0,0.0,0.0,0.426288,0.724966
2018-05-25,risk_off,1.164066,0.30724,0.0,0.0,0.0,0.40306,0.2897,0.357648,0.0,0.0,0.0,0.469189,0.337229
2018-06-01,neutral,1.424282,0.391154,0.0,0.0,0.0,0.146155,0.462691,0.557114,0.0,0.0,0.0,0.208166,0.659002
2018-06-08,risk_on,2.0,0.801863,0.0,0.0,0.0,0.198137,0.0,1.603727,0.0,0.0,0.0,0.396273,0.0
2018-06-15,risk_on,2.0,0.801863,0.0,0.0,0.0,0.198137,0.0,1.603727,0.0,0.0,0.0,0.396273,0.0
2018-06-22,risk_on,2.0,0.801863,0.0,0.0,0.0,0.198137,0.0,1.603727,0.0,0.0,0.0,0.396273,0.0
2018-06-29,neutral,1.428242,0.391154,0.0,0.0,0.0,0.146155,0.462691,0.558663,0.0,0.0,0.0,0.208744,0.660835
2018-07-06,risk_on,2.0,0.801357,0.0,0.0,0.0,0.198643,0.0,1.602714,0.0,0.0,0.0,0.397286,0.0
2018-07-13,neutral,1.787391,0.409524,0.296727,0.0,0.29375,0.0,0.0,0.731979,0.530366,0.0,0.525045,0.0,0.0
2018-07-20,risk_on,2.0,0.801357,0.0,0.0,0.0,0.198643,0.0,1.602714,0.0,0.0,0.0,0.397286,0.0
2018-07-27,neutral,1.788179,0.409524,0.296727,0.0,0.29375,0.0,0.0,0.732302,0.5306,0.0,0.525277,0.0,0.0
2018-08-03,neutral,1.303022,0.666667,0.0,0.0,0.333333,0.0,0.0,0.868681,0.0,0.0,0.434341,0.0,0.0
2018-08-10,neutral,1.304148,0.666667,0.0,0.0,0.333333,0.0,0.0,0.869432,0.0,0.0,0.434716,0.0,0.0
2018-08-17,neutral,1.300551,0.666667,0.0,0.0,0.333333,0.0,0.0,0.867034,0.0,0.0,0.433517,0.0,0.0
2018-08-24,neutral,1.299771,0.666667,0.0,0.0,0.333333,0.0,0.0,0.866514,0.0,0.0,0.433257,0.0,0.0
2018-08-31,risk_on,2.0,0.796886,0.0,0.0,0.0,0.203114,0.0,1.593772,0.0,0.0,0.0,0.406228,0.0
2018-09-07,risk_on,1.609766,0.403474,0.0,0.0,0.030604,0.0,0.565922,0.649499,0.0,0.0,0.049266,0.0,0.911002
2018-09-14,risk_on,1.601589,0.403474,0.0,0.0,0.030604,0.0,0.565922,0.6462,0.0,0.0,0.049015,0.0,0.906374
2018-09-21,risk_on,1.599319,0.403474,0.0,0.0,0.030604,0.0,0.565922,0.645284,0.0,0.0,0.048946,0.0,0.905089
2018-09-28,risk_on,1.600159,0.403474,0.0,0.0,0.030604,0.0,0.565922,0.645623,0.0,0.0,0.048972,0.0,0.905565
2018-10-05,risk_off,1.250769,0.359961,0.07923,0.260841,0.0,0.0,0.299968,0.450228,0.099098,0.326252,0.0,0.0,0.37519
2018-10-12,risk_off,1.239679,0.359961,0.07923,0.260841,0.0,0.0,0.299968,0.446236,0.09822,0.32336,0.0,0.0,0.371864
2018-10-19,risk_off,1.19655,0.359961,0.07923,0.260841,0.0,0.0,0.299968,0.430712,0.094802,0.31211,0.0,0.0,0.358926
2018-10-26,risk_off,1.195926,0.359961,0.07923,0.260841,0.0,0.0,0.299968,0.430487,0.094753,0.311947,0.0,0.0,0.358739
2018-11-02,risk_off,1.068461,0.390935,0.0,0.283286,0.0,0.0,0.325779,0.417699,0.0,0.30268,0.0,0.0,0.348082
2018-11-09,risk_off,1.063345,0.390935,0.0,0.283286,0.0,0.0,0.325779,0.415699,0.0,0.301231,0.0,0.0,0.346416
2018-11-16,risk_off,1.061366,0.390935,0.0,0.283286,0.0,0.0,0.325779,0.414925,0.0,0.30067,0.0,0.0,0.345771
2018-11-23,risk_off,1.05244,0.390935,0.0,0.283286,0.0,0.0,0.325779,0.411436,0.0,0.298142,0.0,0.0,0.342863
2018-11-30,neutral,1.162731,0.666667,0.0,0.0,0.333333,0.0,0.0,0.775154,0.0,0.0,0.387577,0.0,0.0
2018-12-07,risk_off,0.963091,0.390935,0.0,0.283286,0.0,0.0,0.325779,0.376506,0.0,0.27283,0.0,0.0,0.313755
2018-12-14,risk_off,0.928001,0.390935,0.0,0.283286,0.0,0.0,0.325779,0.362788,0.0,0.26289,0.0,0.0,0.302323
2018-12-21,neutral,1.094551,0.666667,0.0,0.0,0.333333,0.0,0.0,0.729701,0.0,0.0,0.36485,0.0,0.0
2018-12-28,risk_off,0.850476,0.390935,0.0,0.283286,0.0,0.0,0.325779,0.332481,0.0,0.240928,0.0,0.0,0.277067
2019-01-04,risk_on,1.683766,0.076939,0.0,0.0,0.350482,0.304767,0.267812,0.129548,0.0,0.0,0.590129,0.513156,0.450933
2019-01-11,very_risk_on,2.0,0.229895,0.345038,0.0,0.216268,0.207167,0.001633,0.459789,0.690076,0.0,0.432536,0.414333,0.003266
2019-01-18,very_risk_on,2.0,0.229895,0.345038,0.0,0.216268,0.207167,0.001633,0.459789,0.690076,0.0,0.432536,0.414333,0.003266
2019-01-25,risk_on,1.65866,0.076939,0.0,0.0,0.350482,0.304767,0.267812,0.127616,0.0,0.0,0.58133,0.505505,0.444209
2019-02-01,very_risk_on,2.0,0.253512,0.350845,0.0,0.225561,0.170083,0.0,0.507023,0.70169,0.0,0.451121,0.340165,0.0
2019-02-08,neutral,1.004507,0.666667,0.0,0.0,0.333333,0.0,0.0,0.669672,0.0,0.0,0.334836,0.0,0.0
2019-02-15,risk_on,1.590339,0.193274,0.0,0.0,0.0,0.302436,0.50429,0.307372,0.0,0.0,0.0,0.480975,0.801993
2019-02-22,risk_on,1.582596,0.193274,0.0,0.0,0.0,0.302436,0.50429,0.305875,0.0,0.0,0.0,0.478633,0.798088
2019-03-01,very_risk_on,2.0,0.28876,0.300502,0.0,0.242284,0.168454,0.0,0.57752,0.601005,0.0,0.484567,0.336908,0.0
2019-03-08,neutral,1.014848,0.666667,0.0,0.0,0.333333,0.0,0.0,0.676566,0.0,0.0,0.338283,0.0,0.0
2019-03-15,risk_on,1.58515,0.131342,0.0,0.0,0.0,0.301763,0.566896,0.208196,0.0,0.0,0.0,0.478339,0.898614
2019-03-22,neutral,0.998179,0.666667,0.0,0.0,0.333333,0.0,0.0,0.665453,0.0,0.0,0.332726,0.0,0.0
2019-03-29,very_risk_on,2.0,0.28876,0.300502,0.0,0.242284,0.168454,0.0,0.57752,0.601005,0.0,0.484567,0.336908,0.0
2019-04-05,risk_on,1.593088,0.090666,0.0,0.0,0.0,0.301672,0.607663,0.144438,0.0,0.0,0.0,0.480589,0.968061
2019-04-12,neutral,1.076229,0.666667,0.0,0.0,0.333333,0.0,0.0,0.717486,0.0,0.0,0.358743,0.0,0.0
2019-04-19,neutral,1.129038,0.666667,0.0,0.0,0.333333,0.0,0.0,0.752692,0.0,0.0,0.376346,0.0,0.0
2019-04-26,risk_on,1.737411,0.090666,0.0,0.0,0.0,0.301672,0.607663,0.157523,0.0,0.0,0.0,0.524128,1.055761
2019-05-03,risk_off,0.889922,0.390935,0.0,0.283286,0.0,0.0,0.325779,0.347901,0.0,0.252102,0.0,0.0,0.289918
2019-05-10,risk_on,1.825908,0.180888,0.0,0.0,0.0,0.300843,0.518269,0.330285,0.0,0.0,0.0,0.549312,0.946311
2019-05-17,neutral,1.923862,0.588414,0.411586,0.0,0.0,0.0,0.0,1.132027,0.791835,0.0,0.0,0.0,0.0
2019-05-24,neutral,2.0,0.588414,0.411586,0.0,0.0,0.0,0.0,1.176828,0.823172,0.0,0.0,0.0,0.0
2019-05-31,neutral,2.0,0.588414,0.411586,0.0,0.0,0.0,0.0,1.176828,0.823172,0.0,0.0,0.0,0.0
2019-06-07,risk_on,1.832963,0.079192,0.0,0.0,0.0,0.300435,0.620373,0.145155,0.0,0.0,0.0,0.550686,1.137121
2019-06-14,risk_on,1.790455,0.079192,0.0,0.0,0.0,0.300435,0.620373,0.141789,0.0,0.0,0.0,0.537915,1.11075
2019-06-21,very_risk_on,2.0,0.412804,0.350166,0.0,0.088949,0.148081,0.0,0.825608,0.700333,0.0,0.177897,0.296162,0.0
2019-06-28,very_risk_on,2.0,0.412804,0.350166,0.0,0.088949,0.148081,0.0,0.825608,0.700333,0.0,0.177897,0.296162,0.0
2019-07-05,very_risk_on,2.0,0.410716,0.346039,0.0,0.09091,0.152335,0.0,0.821433,0.692078,0.0,0.181821,0.304669,0.0
2019-07-12,risk_off,1.514055,0.144524,0.555619,0.0,0.004163,0.0,0.295694,0.218817,0.841238,0.0,0.006302,0.0,0.447697
2019-07-19,neutral,2.0,0.582428,0.417572,0.0,0.0,0.0,0.0,1.164855,0.835145,0.0,0.0,0.0,0.0
2019-07-26,risk_on,1.814647,0.325154,0.0,0.0,0.0,0.275558,0.399288,0.590039,0.0,0.0,0.0,0.50004,0.724567
2019-08-02,neutral,2.0,0.159973,0.551092,0.0,0.288126,0.0,0.000809,0.319946,1.102184,0.0,0.576251,0.0,0.001618
2019-08-09,neutral,2.0,0.159973,0.551092,0.0,0.288126,0.0,0.000809,0.319946,1.102184,0.0,0.576251,0.0,0.001618
2019-08-16,neutral,2.0,0.159973,0.551092,0.0,0.288126,0.0,0.000809,0.319946,1.102184,0.0,0.576251,0.0,0.001618
2019-08-23,risk_on,1.786717,0.325154,0.0,0.0,0.0,0.275558,0.399288,0.580958,0.0,0.0,0.0,0.492344,0.713415
2019-08-30,neutral,2.0,0.159973,0.551092,0.0,0.288126,0.0,0.000809,0.319946,1.102184,0.0,0.576251,0.0,0.001618
2019-09-06,neutral,2.0,0.430458,0.557875,0.0,0.005833,0.0,0.005833,0.860916,1.11575,0.0,0.011667,0.0,0.011667
2019-09-13,risk_on,1.911326,0.444014,0.0,0.0,0.0,0.30014,0.255846,0.848655,0.0,0.0,0.0,0.573665,0.489005
2019-09-20,very_risk_on,2.0,0.395543,0.403348,0.0,0.052012,0.148057,0.00104,0.791086,0.806696,0.0,0.104024,0.296114,0.002081
2019-09-27,risk_on,1.913951,0.444014,0.0,0.0,0.0,0.30014,0.255846,0.849821,0.0,0.0,0.0,0.574453,0.489677
2019-10-04,risk_on,1.721352,0.30744,0.0,0.0,0.0,0.25551,0.437049,0.529213,0.0,0.0,0.0,0.439823,0.752316
2019-10-11,risk_on,1.721146,0.30744,0.0,0.0,0.0,0.25551,0.437049,0.52915,0.0,0.0,0.0,0.439771,0.752226
2019-10-18,risk_on,1.723366,0.30744,0.0,0.0,0.0,0.25551,0.437049,0.529832,0.0,0.0,0.0,0.440338,0.753196
2019-10-25,very_risk_on,2.0,0.437934,0.310739,0.0,0.003602,0.244123,0.003602,0.875868,0.621479,0.0,0.007204,0.488246,0.007204
2019-11-01,very_risk_on,2.0,0.437934,0.310739,0.0,0.003602,0.244123,0.003602,0.875868,0.621479,0.0,0.007204,0.488246,0.007204
2019-11-08,risk_on,1.878367,0.359275,0.0,0.0,0.0,0.300774,0.339951,0.67485,0.0,0.0,0.0,0.564964,0.638552
2019-11-15,neutral,2.0,0.433266,0.556743,0.0,0.004995,0.0,0.004995,0.866532,1.113487,0.0,0.00999,0.0,0.00999
2019-11-22,neutral,2.0,0.433266,0.556743,0.0,0.004995,0.0,0.004995,0.866532,1.113487,0.0,0.00999,0.0,0.00999
2019-11-29,very_risk_on,2.0,0.437934,0.310739,0.0,0.003602,0.244123,0.003602,0.875868,0.621479,0.0,0.007204,0.488246,0.007204
2019-12-06,very_risk_on,2.0,0.437626,0.310704,0.0,0.003694,0.244282,0.003694,0.875253,0.621409,0.0,0.007387,0.488564,0.007387
2019-12-13,very_risk_on,2.0,0.437626,0.310704,0.0,0.003694,0.244282,0.003694,0.875253,0.621409,0.0,0.007387,0.488564,0.007387
2019-12-20,very_risk_on,2.0,0.437626,0.310704,0.0,0.003694,0.244282,0.003694,0.875253,0.621409,0.0,0.007387,0.488564,0.007387
2019-12-27,very_risk_on,2.0,0.437626,0.310704,0.0,0.003694,0.244282,0.003694,0.875253,0.621409,0.0,0.007387,0.488564,0.007387
2020-01-03,very_risk_on,2.0,0.373219,0.422161,0.0,0.00192,0.130431,0.072269,0.746438,0.844322,0.0,0.00384,0.260862,0.144539
2020-01-10,very_risk_on,2.0,0.373219,0.422161,0.0,0.00192,0.130431,0.072269,0.746438,0.844322,0.0,0.00384,0.260862,0.144539
2020-01-17,very_risk_on,2.0,0.373219,0.422161,0.0,0.00192,0.130431,0.072269,0.746438,0.844322,0.0,0.00384,0.260862,0.144539
2020-01-24,neutral,2.0,0.433153,0.556789,0.0,0.005029,0.0,0.005029,0.866306,1.113578,0.0,0.010058,0.0,0.010058
2020-01-31,risk_on,2.0,0.38831,0.0,0.0,0.0,0.301057,0.310633,0.77662,0.0,0.0,0.0,0.602114,0.621266
2020-02-07,neutral,2.0,0.430128,0.558008,0.0,0.005932,0.0,0.005932,0.860255,1.116017,0.0,0.011864,0.0,0.011864
2020-02-14,very_risk_on,2.0,0.42813,0.444425,0.0,0.002022,0.108305,0.017117,0.85626,0.888851,0.0,0.004045,0.21661,0.034234
2020-02-21,very_risk_on,2.0,0.42813,0.444425,0.0,0.002022,0.108305,0.017117,0.85626,0.888851,0.0,0.004045,0.21661,0.034234
2020-02-28,neutral,2.0,0.430128,0.558008,0.0,0.005932,0.0,0.005932,0.860255,1.116017,0.0,0.011864,0.0,0.011864
2020-03-06,risk_on,1.825239,0.38831,0.0,0.0,0.0,0.301057,0.310633,0.708759,0.0,0.0,0.0,0.549501,0.566979
2020-03-13,neutral,2.0,0.426751,0.559369,0.0,0.00694,0.0,0.00694,0.853503,1.118738,0.0,0.01388,0.0,0.01388
2020-03-20,risk_off,1.125632,0.38946,0.340721,0.0,0.018072,0.233676,0.018072,0.438389,0.383526,0.0,0.020342,0.263033,0.020342
2020-03-27,risk_off,0.965627,0.38946,0.340721,0.0,0.018072,0.233676,0.018072,0.376073,0.329009,0.0,0.01745,0.225644,0.01745
2020-04-03,neutral,1.606537,0.417991,0.562899,0.0,0.009555,0.0,0.009555,0.671519,0.904318,0.0,0.01535,0.0,0.01535
2020-04-10,very_risk_on,2.0,0.442397,0.444638,0.0,0.002058,0.108141,0.002766,0.884794,0.889275,0.0,0.004116,0.216281,0.005533
2020-04-17,risk_on,1.046502,0.365658,0.0,0.0,0.0,0.300858,0.333484,0.382662,0.0,0.0,0.0,0.314848,0.348991
2020-04-24,very_risk_on,2.0,0.442397,0.444638,0.0,0.002058,0.108141,0.002766,0.884794,0.889275,0.0,0.004116,0.216281,0.005533
2020-05-01,risk_on,1.036891,0.363357,0.0,0.0,0.0,0.300689,0.335954,0.376762,0.0,0.0,0.0,0.311782,0.348347
2020-05-08,risk_on,1.038017,0.363357,0.0,0.0,0.0,0.300689,0.335954,0.377171,0.0,0.0,0.0,0.312121,0.348725
2020-05-15,neutral,1.666802,0.101078,0.567436,0.0,0.31857,0.0,0.012916,0.168477,0.945804,0.0,0.530993,0.0,0.021528
2020-05-22,risk_on,1.033678,0.363357,0.0,0.0,0.0,0.300689,0.335954,0.375594,0.0,0.0,0.0,0.310816,0.347268
2020-05-29,very_risk_on,2.0,0.428094,0.444611,0.0,0.00198,0.108062,0.017253,0.856188,0.889222,0.0,0.00396,0.216124,0.034506
2020-06-05,risk_on,1.020734,0.45575,0.0,0.0,0.0,0.301815,0.242436,0.465199,0.0,0.0,0.0,0.308072,0.247462
2020-06-12,very_risk_on,2.0,0.416216,0.442696,0.0,0.002191,0.110262,0.028636,0.832432,0.885391,0.0,0.004382,0.220524,0.057272
2020-06-19,risk_on,1.014504,0.45575,0.0,0.0,0.0,0.301815,0.242436,0.46236,0.0,0.0,0.0,0.306192,0.245952
2020-06-26,risk_off,0.739562,0.392419,0.286526,0.0,0.017188,0.286678,0.017188,0.290218,0.211904,0.0,0.012712,0.212016,0.012712
2020-07-03,neutral,1.454039,0.411714,0.565429,0.0,0.011429,0.0,0.011429,0.598648,0.822155,0.0,0.016618,0.0,0.016618
2020-07-10,neutral,1.44729,0.411714,0.565429,0.0,0.011429,0.0,0.011429,0.59587,0.818339,0.0,0.016541,0.0,0.016541
2020-07-17,risk_on,1.008076,0.432454,0.0,0.0,0.0,0.301511,0.266035,0.435947,0.0,0.0,0.0,0.303946,0.268183
2020-07-24,risk_on,1.010164,0.432454,0.0,0.0,0.0,0.301511,0.266035,0.43685,0.0,0.0,0.0,0.304575,0.268739
2020-07-31,very_risk_on,2.0,0.410398,0.444591,0.0,0.001833,0.107883,0.035296,0.820795,0.889183,0.0,0.003665,0.215765,0.070591
2020-08-07,risk_on,1.020717,0.40649,0.0,0.0,0.0,0.301126,0.292383,0.414911,0.0,0.0,0.0,0.307365,0.298441
2020-08-14,risk_on,1.01711,0.40649,0.0,0.0,0.0,0.301126,0.292383,0.413445,0.0,0.0,0.0,0.306279,0.297386
2020-08-21,risk_on,1.021251,0.40649,0.0,0.0,0.0,0.301126,0.292383,0.415128,0.0,0.0,0.0,0.307526,0.298597
2020-08-28,risk_on,1.021053,0.40649,0.0,0.0,0.0,0.301126,0.292383,0.415048,0.0,0.0,0.0,0.307466,0.298539
2020-09-04,very_risk_on,2.0,0.410398,0.444591,0.0,0.001833,0.107883,0.035296,0.820795,0.889183,0.0,0.003665,0.215765,0.070591
2020-09-11,risk_off,0.834114,0.024402,0.351753,0.0,0.050009,0.23119,0.342646,0.020354,0.293402,0.0,0.041713,0.192839,0.285806
2020-09-18,risk_off,0.827381,0.024402,0.351753,0.0,0.050009,0.23119,0.342646,0.02019,0.291033,0.0,0.041377,0.191282,0.283498
2020-09-25,risk_off,0.826012,0.024402,0.351753,0.0,0.050009,0.23119,0.342646,0.020156,0.290552,0.0,0.041308,0.190966,0.283029
2020-10-02,risk_off,0.779665,0.096777,0.317865,0.0,0.014061,0.251117,0.320181,0.075453,0.247828,0.0,0.010963,0.195787,0.249634
2020-10-09,risk_on,0.991195,0.519124,0.0,0.0,0.0,0.300443,0.180434,0.514553,0.0,0.0,0.0,0.297797,0.178845
2020-10-16,very_risk_on,2.0,0.406356,0.443903,0.0,0.00149,0.108109,0.040142,0.812711,0.887806,0.0,0.002981,0.216219,0.080284
2020-10-23,risk_on,0.986022,0.519124,0.0,0.0,0.0,0.300443,0.180434,0.511867,0.0,0.0,0.0,0.296243,0.177912
2020-10-30,risk_off,0.776212,0.096777,0.317865,0.0,0.014061,0.251117,0.320181,0.075119,0.246731,0.0,0.010914,0.19492,0.248528
2020-11-06,risk_on,0.982777,0.387665,0.0,0.0,0.0,0.30002,0.312315,0.380988,0.0,0.0,0.0,0.294853,0.306936
2020-11-13,risk_on,0.9489,0.387665,0.0,0.0,0.0,0.30002,0.312315,0.367856,0.0,0.0,0.0,0.284689,0.296356
2020-11-20,very_risk_on,2.0,0.40617,0.442537,0.0,0.001469,0.109447,0.040377,0.812339,0.885074,0.0,0.002939,0.218893,0.080754
2020-11-27,very_risk_on,2.0,0.40617,0.442537,0.0,0.001469,0.109447,0.040377,0.812339,0.885074,0.0,0.002939,0.218893,0.080754
2020-12-04,very_risk_on,2.0,0.39445,0.443686,0.0,0.001173,0.107897,0.052793,0.7889,0.887373,0.0,0.002346,0.215795,0.105586
2020-12-11,risk_on,0.946327,0.41179,0.0,0.0,0.0,0.300101,0.28811,0.389688,0.0,0.0,0.0,0.283993,0.272646
2020-12-18,very_risk_on,2.0,0.39445,0.443686,0.0,0.001173,0.107897,0.052793,0.7889,0.887373,0.0,0.002346,0.215795,0.105586
2020-12-25,risk_on,0.944102,0.41179,0.0,0.0,0.0,0.300101,0.28811,0.388771,0.0,0.0,0.0,0.283325,0.272005
2021-01-01,very_risk_on,2.0,0.3962,0.437275,0.0,0.001234,0.114391,0.0509,0.7924,0.874551,0.0,0.002468,0.228782,0.101799
2021-01-08,risk_off,0.862218,0.027024,0.464051,0.0,0.027024,0.122431,0.35947,0.0233,0.400113,0.0,0.0233,0.105562,0.309942
2021-01-15,risk_off,0.861495,0.027024,0.464051,0.0,0.027024,0.122431,0.35947,0.023281,0.399777,0.0,0.023281,0.105474,0.309682
2021-01-22,risk_on,0.887836,0.374044,0.0,0.0,0.0,0.200745,0.425211,0.332089,0.0,0.0,0.0,0.178229,0.377518
2021-01-29,neutral,1.383478,0.409672,0.566252,0.0,0.012038,0.0,0.012038,0.566772,0.783396,0.0,0.016655,0.0,0.016655
2021-02-05,risk_on,0.877635,0.374044,0.0,0.0,0.0,0.200745,0.425211,0.328274,0.0,0.0,0.0,0.176181,0.37318
2021-02-12,very_risk_on,2.0,0.386689,0.43767,0.0,0.001163,0.1139,0.060578,0.773377,0.875341,0.0,0.002326,0.227799,0.121156
2021-02-19,risk_on,0.872076,0.374044,0.0,0.0,0.0,0.200745,0.425211,0.326194,0.0,0.0,0.0,0.175065,0.370816
2021-02-26,risk_on,0.86993,0.374044,0.0,0.0,0.0,0.200745,0.425211,0.325392,0.0,0.0,0.0,0.174634,0.369904
2021-03-05,risk_off,0.733525,0.078009,0.366588,0.0,0.017245,0.206692,0.331466,0.057222,0.268902,0.0,0.012649,0.151614,0.243139
2021-03-12,risk_off,0.73028,0.078009,0.366588,0.0,0.017245,0.206692,0.331466,0.056969,0.267712,0.0,0.012593,0.150943,0.242063
2021-03-19,risk_off,0.729937,0.078009,0.366588,0.0,0.017245,0.206692,0.331466,0.056942,0.267586,0.0,0.012588,0.150872,0.241949
2021-03-26,very_risk_on,2.0,0.386689,0.43767,0.0,0.001163,0.1139,0.060578,0.773377,0.875341,0.0,0.002326,0.227799,0.121156
2021-04-02,very_risk_on,2.0,0.386732,0.429281,0.0,0.001127,0.12224,0.060619,0.773465,0.858562,0.0,0.002254,0.244481,0.121239
2021-04-09,very_risk_on,2.0,0.386732,0.429281,0.0,0.001127,0.12224,0.060619,0.773465,0.858562,0.0,0.002254,0.244481,0.121239
2021-04-16,very_risk_on,2.0,0.386732,0.429281,0.0,0.001127,0.12224,0.060619,0.773465,0.858562,0.0,0.002254,0.244481,0.121239
2021-04-23,very_risk_on,2.0,0.386732,0.429281,0.0,0.001127,0.12224,0.060619,0.773465,0.858562,0.0,0.002254,0.244481,0.121239
2021-04-30,very_risk_on,2.0,0.386732,0.429281,0.0,0.001127,0.12224,0.060619,0.773465,0.858562,0.0,0.002254,0.244481,0.121239
2021-05-07,very_risk_on,1.952783,0.004665,0.313924,0.0,0.004665,0.242373,0.434373,0.009109,0.613025,0.0,0.009109,0.473302,0.848237
2021-05-14,very_risk_on,2.0,0.004665,0.313924,0.0,0.004665,0.242373,0.434373,0.009329,0.627848,0.0,0.009329,0.484747,0.868747
2021-05-21,risk_on,1.168565,0.368091,0.0,0.0,0.0,0.239982,0.391927,0.430138,0.0,0.0,0.0,0.280435,0.457992
2021-05-28,risk_on,1.293855,0.368091,0.0,0.0,0.0,0.239982,0.391927,0.476256,0.0,0.0,0.0,0.310502,0.507097
2021-06-04,very_risk_on,2.0,0.004564,0.313802,0.0,0.004564,0.242359,0.434712,0.009127,0.627604,0.0,0.009127,0.484717,0.869424
2021-06-11,very_risk_on,2.0,0.004564,0.313802,0.0,0.004564,0.242359,0.434712,0.009127,0.627604,0.0,0.009127,0.484717,0.869424
2021-06-18,risk_on,1.496765,0.366019,0.0,0.0,0.0,0.239013,0.394968,0.547844,0.0,0.0,0.0,0.357746,0.591174
2021-06-25,risk_on,1.477893,0.366019,0.0,0.0,0.0,0.239013,0.394968,0.540937,0.0,0.0,0.0,0.353236,0.58372
2021-07-02,very_risk_on,2.0,0.004735,0.31419,0.0,0.004735,0.242202,0.434138,0.00947,0.62838,0.0,0.00947,0.484404,0.868275
2021-07-09,very_risk_on,2.0,0.004735,0.31419,0.0,0.004735,0.242202,0.434138,0.00947,0.62838,0.0,0.00947,0.484404,0.868275
2021-07-16,risk_on,1.486303,0.457555,0.0,0.0,0.0,0.198679,0.343766,0.680065,0.0,0.0,0.0,0.295297,0.510941
2021-07-23,risk_on,1.489661,0.457555,0.0,0.0,0.0,0.198679,0.343766,0.681601,0.0,0.0,0.0,0.295964,0.512095
2021-07-30,risk_on,1.490123,0.457555,0.0,0.0,0.0,0.198679,0.343766,0.681813,0.0,0.0,0.0,0.296056,0.512254
2021-08-06,risk_on,1.568975,0.564165,0.0,0.0,0.0,0.223288,0.212546,0.885162,0.0,0.0,0.0,0.350333,0.33348
2021-08-13,very_risk_on,2.0,0.004937,0.314722,0.0,0.004937,0.241943,0.433461,0.009874,0.629445,0.0,0.009874,0.483886,0.866921
2021-08-20,neutral,2.0,0.40637,0.567582,0.0,0.013024,0.0,0.013024,0.81274,1.135165,0.0,0.026048,0.0,0.026048
2021-08-27,very_risk_on,2.0,0.004937,0.314722,0.0,0.004937,0.241943,0.433461,0.009874,0.629445,0.0,0.009874,0.483886,0.866921
2021-09-03,very_risk_on,2.0,0.005002,0.331544,0.0,0.005002,0.225209,0.433242,0.010005,0.663087,0.0,0.010005,0.450419,0.866485
2021-09-10,very_risk_on,2.0,0.005002,0.331544,0.0,0.005002,0.225209,0.433242,0.010005,0.663087,0.0,0.010005,0.450419,0.866485
2021-09-17,risk_on,1.705907,0.577037,0.0,0.0,0.0,0.290313,0.13265,0.984372,0.0,0.0,0.0,0.495247,0.226289
2021-09-24,risk_on,1.698876,0.577037,0.0,0.0,0.0,0.290313,0.13265,0.980314,0.0,0.0,0.0,0.493206,0.225356
2021-10-01,risk_off,1.295334,0.008738,0.448873,0.0,0.119976,0.112923,0.309491,0.011318,0.58144,0.0,0.155409,0.146273,0.400894
2021-10-08,neutral,2.0,0.408096,0.566887,0.0,0.012509,0.0,0.012509,0.816192,1.133773,0.0,0.025017,0.0,0.025017
2021-10-15,neutral,2.0,0.408096,0.566887,0.0,0.012509,0.0,0.012509,0.816192,1.133773,0.0,0.025017,0.0,0.025017
2021-10-22,very_risk_on,2.0,0.004874,0.382065,0.0,0.004874,0.174515,0.433673,0.009747,0.76413,0.0,0.009747,0.349029,0.867347
2021-10-29,very_risk_on,2.0,0.004874,0.382065,0.0,0.004874,0.174515,0.433673,0.009747,0.76413,0.0,0.009747,0.349029,0.867347
2021-11-05,risk_on,1.724286,0.568791,0.0,0.0,0.0,0.244167,0.187041,0.980759,0.0,0.0,0.0,0.421014,0.322513
2021-11-12,risk_on,1.740534,0.568791,0.0,0.0,0.0,0.244167,0.187041,0.990001,0.0,0.0,0.0,0.424981,0.325552
2021-11-19,risk_on,1.744914,0.568791,0.0,0.0,0.0,0.244167,0.187041,0.992492,0.0,0.0,0.0,0.426051,0.326371
2021-11-26,risk_off,1.324924,0.137683,0.441256,0.0,0.004945,0.11542,0.300696,0.182419,0.584631,0.0,0.006552,0.152923,0.398399
2021-12-03,very_risk_off,1.434143,0.102078,0.622069,0.08437,0.007154,0.0,0.18433,0.146394,0.892135,0.120998,0.010259,0.0,0.264356
2021-12-10,neutral,2.0,0.405863,0.567787,0.0,0.013175,0.0,0.013175,0.811726,1.135573,0.0,0.02635,0.0,0.02635
2021-12-17,risk_on,1.688686,0.550148,0.0,0.0,0.0,0.225143,0.22471,0.929027,0.0,0.0,0.0,0.380195,0.379464
2021-12-24,very_risk_on,2.0,0.004594,0.37794,0.0,0.004594,0.178262,0.43461,0.009188,0.75588,0.0,0.009188,0.356524,0.869219
2021-12-31,very_risk_on,2.0,0.004594,0.37794,0.0,0.004594,0.178262,0.43461,0.009188,0.75588,0.0,0.009188,0.356524,0.869219
2022-01-07,very_risk_on,2.0,0.004071,0.393206,0.0,0.004071,0.162289,0.436363,0.008141,0.786413,0.0,0.008141,0.324578,0.872727
2022-01-14,risk_on,1.980298,0.540597,0.0,0.0,0.0,0.22613,0.233272,1.070544,0.0,0.0,0.0,0.447805,0.461949
2022-01-21,neutral,2.0,0.405863,0.567787,0.0,0.013175,0.0,0.013175,0.811726,1.135573,0.0,0.02635,0.0,0.02635
2022-01-28,risk_off,1.355342,0.143986,0.393316,0.0,0.00371,0.161692,0.297296,0.19515,0.533078,0.0,0.005028,0.219148,0.402938
2022-02-04,risk_off,1.412537,0.143769,0.46238,0.0,0.003643,0.092538,0.29767,0.203079,0.653129,0.0,0.005146,0.130714,0.42047
2022-02-11,risk_off,1.412647,0.143769,0.46238,0.0,0.003643,0.092538,0.29767,0.203094,0.65318,0.0,0.005146,0.130724,0.420503
2022-02-18,neutral,2.0,0.40492,0.568166,0.0,0.013457,0.0,0.013457,0.809841,1.136333,0.0,0.026913,0.0,0.026913
2022-02-25,neutral,2.0,0.40492,0.568166,0.0,0.013457,0.0,0.013457,0.809841,1.136333,0.0,0.026913,0.0,0.026913
2022-03-04,neutral,2.0,0.011255,0.565194,0.0,0.011255,0.0,0.412295,0.02251,1.130389,0.0,0.02251,0.0,0.824591
2022-03-11,risk_off,1.449729,0.140759,0.555585,0.0,0.004137,0.0,0.299518,0.204062,0.805449,0.0,0.005998,0.0,0.434221
2022-03-18,risk_on,1.785188,0.579577,0.0,0.0,0.0,0.185499,0.234924,1.034654,0.0,0.0,0.0,0.331151,0.419383
2022-03-25,risk_on,1.700764,0.579577,0.0,0.0,0.0,0.185499,0.234924,0.985724,0.0,0.0,0.0,0.31549,0.39955
2022-04-01,risk_on,1.706621,0.742586,0.0,0.0,0.0,0.127938,0.129476,1.267313,0.0,0.0,0.0,0.218341,0.220967
2022-04-08,risk_off,1.386452,0.141217,0.55545,0.0,0.004037,0.0,0.299296,0.195791,0.770105,0.0,0.005597,0.0,0.41496
2022-04-15,risk_off,1.332176,0.141217,0.55545,0.0,0.004037,0.0,0.299296,0.188126,0.739957,0.0,0.005378,0.0,0.398715
2022-04-22,risk_off,1.321954,0.141217,0.55545,0.0,0.004037,0.0,0.299296,0.186683,0.734279,0.0,0.005337,0.0,0.395656
2022-04-29,risk_off,1.334281,0.141217,0.55545,0.0,0.004037,0.0,0.299296,0.188423,0.741126,0.0,0.005386,0.0,0.399345
2022-05-06,very_risk_off,1.268976,0.103789,0.658961,0.046846,0.006452,0.0,0.183952,0.131706,0.836206,0.059447,0.008188,0.0,0.23343
2022-05-13,very_risk_off,1.251944,0.103789,0.658961,0.046846,0.006452,0.0,0.183952,0.129938,0.824982,0.058649,0.008078,0.0,0.230297
2022-05-20,risk_off,1.320594,0.135689,0.557024,0.0,0.005203,0.0,0.302085,0.17919,0.735602,0.0,0.006871,0.0,0.398931
2022-05-27,neutral,1.915144,0.012345,0.566666,0.0,0.012345,0.0,0.408644,0.023643,1.085247,0.0,0.023643,0.0,0.782611
2022-06-03,risk_on,1.779577,0.756113,0.0,0.0,0.0,0.242442,0.001445,1.345561,0.0,0.0,0.0,0.431444,0.002572
2022-06-10,risk_off,1.24684,0.140714,0.55566,0.0,0.004193,0.0,0.299433,0.175448,0.692819,0.0,0.005228,0.0,0.373344
2022-06-17,risk_off,1.185459,0.140714,0.55566,0.0,0.004193,0.0,0.299433,0.166811,0.658712,0.0,0.00497,0.0,0.354965
2022-06-24,risk_off,1.152633,0.140714,0.55566,0.0,0.004193,0.0,0.299433,0.162192,0.640472,0.0,0.004833,0.0,0.345136
2022-07-01,very_risk_off,1.022609,0.113676,0.666749,0.036473,0.00358,0.0,0.179522,0.116246,0.681824,0.037298,0.003661,0.0,0.183581
2022-07-08,very_risk_off,1.02119,0.113676,0.666749,0.036473,0.00358,0.0,0.179522,0.116084,0.680878,0.037246,0.003656,0.0,0.183326
2022-07-15,very_risk_off,1.024094,0.113676,0.666749,0.036473,0.00358,0.0,0.179522,0.116414,0.682814,0.037352,0.003667,0.0,0.183847
2022-07-22,risk_off,1.075647,0.144543,0.554648,0.0,0.003443,0.0,0.297366,0.155477,0.596606,0.0,0.003704,0.0,0.319861
2022-07-29,risk_on,1.489853,0.6688,0.0,0.0,0.0,0.232759,0.09844,0.996414,0.0,0.0,0.0,0.346777,0.146662
2022-08-05,risk_on,1.454031,0.65579,0.0,0.0,0.0,0.239026,0.105183,0.953539,0.0,0.0,0.0,0.347552,0.15294
2022-08-12,risk_on,1.453106,0.65579,0.0,0.0,0.0,0.239026,0.105183,0.952933,0.0,0.0,0.0,0.347331,0.152842
2022-08-19,risk_off,1.025951,0.151022,0.553,0.0,0.002222,0.0,0.293756,0.154941,0.567351,0.0,0.00228,0.0,0.301379
2022-08-26,very_risk_off,0.951299,0.140648,0.63142,0.05381,0.0,0.0,0.174122,0.133798,0.600669,0.051189,0.0,0.0,0.165642
2022-09-02,very_risk_off,0.887202,0.233684,0.337047,0.254005,0.0,0.0,0.175263,0.207325,0.299029,0.225354,0.0,0.0,0.155494
2022-09-09,very_risk_off,0.87444,0.233684,0.337047,0.254005,0.0,0.0,0.175263,0.204343,0.294728,0.222112,0.0,0.0,0.153257
2022-09-16,very_risk_off,0.86527,0.233684,0.337047,0.254005,0.0,0.0,0.175263,0.2022,0.291637,0.219783,0.0,0.0,0.15165
2022-09-23,very_risk_off,0.848396,0.233684,0.337047,0.254005,0.0,0.0,0.175263,0.198257,0.28595,0.215497,0.0,0.0,0.148693
2022-09-30,very_risk_off,0.827077,0.233684,0.337047,0.254005,0.0,0.0,0.175263,0.193275,0.278764,0.210082,0.0,0.0,0.144956
2022-10-07,very_risk_off,0.696863,0.237847,0.0,0.258529,0.118923,0.206316,0.178385,0.165747,0.0,0.180159,0.082873,0.143774,0.12431
2022-10-14,very_risk_off,0.693073,0.237847,0.0,0.258529,0.118923,0.206316,0.178385,0.164845,0.0,0.17918,0.082423,0.142992,0.123634
2022-10-21,risk_off,0.664121,0.348841,0.0,0.0,0.099673,0.260785,0.290701,0.231673,0.0,0.0,0.066195,0.173192,0.193061
2022-10-28,neutral,1.06115,0.581291,0.0,0.0,0.0,0.310244,0.108465,0.616837,0.0,0.0,0.0,0.329215,0.115098
2022-11-04,risk_off,1.033205,0.259498,0.163172,0.0,0.180553,0.392543,0.004234,0.268115,0.168591,0.0,0.186548,0.405578,0.004374
2022-11-11,risk_on,1.283876,0.766309,0.0,0.0,0.0,0.22896,0.004731,0.983846,0.0,0.0,0.0,0.293956,0.006075
2022-11-18,risk_off,0.945278,0.259498,0.163172,0.0,0.180553,0.392543,0.004234,0.245298,0.154243,0.0,0.170672,0.371062,0.004002
2022-11-25,risk_on,1.223023,0.766309,0.0,0.0,0.0,0.22896,0.004731,0.937213,0.0,0.0,0.0,0.280023,0.005787
2022-12-02,risk_on,0.942348,0.750017,0.0,0.0,0.0,0.0,0.249983,0.706777,0.0,0.0,0.0,0.0,0.235571
2022-12-09,risk_on,0.941229,0.750017,0.0,0.0,0.0,0.0,0.249983,0.705938,0.0,0.0,0.0,0.0,0.235291
2022-12-16,risk_off,0.92878,0.253251,0.167631,0.0,0.183328,0.390078,0.005711,0.235214,0.155693,0.0,0.170272,0.362297,0.005304
2022-12-23,risk_off,0.931223,0.253251,0.167631,0.0,0.183328,0.390078,0.005711,0.235833,0.156102,0.0,0.17072,0.36325,0.005318
2022-12-30,risk_off,0.931199,0.253251,0.167631,0.0,0.183328,0.390078,0.005711,0.235827,0.156098,0.0,0.170715,0.363241,0.005318
2023-01-06,risk_on,0.944487,0.751364,0.0,0.0,0.0,0.0,0.248636,0.709653,0.0,0.0,0.0,0.0,0.234834
2023-01-13,risk_on,0.942364,0.751364,0.0,0.0,0.0,0.0,0.248636,0.708058,0.0,0.0,0.0,0.0,0.234306
2023-01-20,risk_on,0.934463,0.751364,0.0,0.0,0.0,0.0,0.248636,0.702121,0.0,0.0,0.0,0.0,0.232342
2023-01-27,risk_on,0.93782,0.751364,0.0,0.0,0.0,0.0,0.248636,0.704643,0.0,0.0,0.0,0.0,0.233176
2023-02-03,risk_off,0.880388,0.391809,0.109318,0.036833,0.040077,0.414256,0.007708,0.344944,0.096242,0.032427,0.035283,0.364706,0.006786
2023-02-10,risk_off,0.884869,0.391809,0.109318,0.036833,0.040077,0.414256,0.007708,0.3467,0.096732,0.032592,0.035463,0.366562,0.006821
2023-02-17,very_risk_off,0.677563,0.234624,0.0,0.255026,0.0,0.334381,0.175968,0.158973,0.0,0.172796,0.0,0.226564,0.119229
2023-02-24,very_risk_off,0.681747,0.234624,0.0,0.255026,0.0,0.334381,0.175968,0.159954,0.0,0.173863,0.0,0.227963,0.119966
2023-03-03,risk_off,0.920935,0.403077,0.0,0.171222,0.014007,0.397688,0.014007,0.371207,0.0,0.157684,0.0129,0.366245,0.0129
2023-03-10,risk_off,0.916578,0.403077,0.0,0.171222,0.014007,0.397688,0.014007,0.369451,0.0,0.156938,0.012839,0.364512,0.012839
2023-03-17,neutral,0.69236,0.577619,0.0,0.0,0.0,0.0,0.422381,0.399921,0.0,0.0,0.0,0.0,0.292439
2023-03-24,risk_on,1.034673,0.75679,0.074256,0.0,0.0,0.0,0.168954,0.783031,0.076831,0.0,0.0,0.0,0.174812
2023-03-31,very_risk_on,2.0,0.003976,0.425101,0.0,0.050187,0.130267,0.390469,0.007952,0.850202,0.0,0.100374,0.260533,0.780938
2023-04-07,risk_on,0.977247,0.757278,0.031723,0.0,0.0,0.0,0.210999,0.740047,0.031001,0.0,0.0,0.0,0.206198
2023-04-14,neutral,0.702899,0.577993,0.0,0.0,0.0,0.0,0.422007,0.406271,0.0,0.0,0.0,0.0,0.296628
2023-04-21,neutral,0.70386,0.577993,0.0,0.0,0.0,0.0,0.422007,0.406827,0.0,0.0,0.0,0.0,0.297034
2023-04-28,neutral,0.704377,0.577993,0.0,0.0,0.0,0.0,0.422007,0.407125,0.0,0.0,0.0,0.0,0.297252
2023-05-05,risk_off,0.927156,0.236268,0.0,0.163612,0.193962,0.397745,0.008413,0.219057,0.0,0.151694,0.179833,0.368772,0.0078
2023-05-12,risk_off,0.931267,0.236268,0.0,0.163612,0.193962,0.397745,0.008413,0.220029,0.0,0.152366,0.18063,0.370407,0.007835
2023-05-19,very_risk_off,0.667224,0.235882,0.0,0.256394,0.0,0.330812,0.176912,0.157386,0.0,0.171072,0.0,0.220726,0.11804
2023-05-26,risk_off,0.940441,0.236268,0.0,0.163612,0.193962,0.397745,0.008413,0.222196,0.0,0.153867,0.18241,0.374056,0.007912
2023-06-02,risk_off,0.88486,0.249183,0.158356,0.0,0.187461,0.399317,0.005683,0.220492,0.140123,0.0,0.165877,0.353339,0.005029
2023-06-09,risk_off,0.883673,0.249183,0.158356,0.0,0.187461,0.399317,0.005683,0.220196,0.139935,0.0,0.165654,0.352865,0.005022
2023-06-16,risk_on,1.108467,0.758145,0.096634,0.0,0.0,0.0,0.14522,0.840379,0.107116,0.0,0.0,0.0,0.160972
2023-06-23,risk_off,0.895264,0.249183,0.158356,0.0,0.187461,0.399317,0.005683,0.223085,0.14177,0.0,0.167827,0.357494,0.005088
2023-06-30,neutral,0.750579,0.579039,0.0,0.0,0.0,0.0,0.420961,0.434614,0.0,0.0,0.0,0.0,0.315965
2023-07-07,neutral,0.81568,0.581006,0.0,0.0,0.0,0.089674,0.32932,0.473915,0.0,0.0,0.0,0.073146,0.26862
2023-07-14,neutral,0.820832,0.581006,0.0,0.0,0.0,0.089674,0.32932,0.476909,0.0,0.0,0.0,0.073608,0.270316
2023-07-21,risk_on,1.017939,0.755195,0.0,0.0,0.0,0.0,0.244805,0.768743,0.0,0.0,0.0,0.0,0.249196
2023-07-28,risk_on,1.05953,0.755195,0.0,0.0,0.0,0.0,0.244805,0.800152,0.0,0.0,0.0,0.0,0.259378
2023-08-04,very_risk_off,0.834926,0.259452,0.0,0.270667,0.004148,0.433067,0.032667,0.216623,0.0,0.225987,0.003463,0.361579,0.027274
2023-08-11,risk_off,0.954323,0.257324,0.0,0.15284,0.183754,0.402286,0.003797,0.24557,0.0,0.145858,0.175361,0.38391,0.003623
2023-08-18,very_risk_off,0.860159,0.259452,0.0,0.270667,0.004148,0.433067,0.032667,0.22317,0.0,0.232816,0.003568,0.372506,0.028098
2023-08-25,risk_off,0.980781,0.257324,0.0,0.15284,0.183754,0.402286,0.003797,0.252379,0.0,0.149902,0.180223,0.394554,0.003724
2023-09-01,risk_off,0.988752,0.245995,0.0,0.157452,0.18949,0.400886,0.006176,0.243228,0.0,0.155681,0.187359,0.396377,0.006107
2023-09-08,neutral,1.240158,0.621622,0.0,0.0,0.0,0.378378,0.0,0.770909,0.0,0.0,0.0,0.469249,0.0
2023-09-15,risk_off,0.991151,0.245995,0.0,0.157452,0.18949,0.400886,0.006176,0.243818,0.0,0.156059,0.187813,0.397339,0.006122
2023-09-22,very_risk_off,0.888181,0.273549,0.0,0.272388,0.009121,0.435821,0.009121,0.242961,0.0,0.24193,0.008101,0.387088,0.008101
2023-09-29,very_risk_off,0.904049,0.273549,0.0,0.272388,0.009121,0.435821,0.009121,0.247302,0.0,0.246252,0.008246,0.394003,0.008246
2023-10-06,very_risk_off,0.884347,0.273549,0.0,0.272388,0.009121,0.435821,0.009121,0.241913,0.0,0.240885,0.008066,0.385417,0.008066
2023-10-13,very_risk_off,0.895671,0.273549,0.0,0.272388,0.009121,0.435821,0.009121,0.24501,0.0,0.24397,0.008169,0.390352,0.008169
2023-10-20,risk_off,1.001121,0.247075,0.0,0.155638,0.189206,0.402243,0.005838,0.247352,0.0,0.155813,0.189418,0.402694,0.005844
2023-10-27,risk_off,1.007321,0.247075,0.0,0.155638,0.189206,0.402243,0.005838,0.248884,0.0,0.156778,0.190592,0.405188,0.005881
2023-11-03,risk_on,1.656736,0.751813,0.248187,0.0,0.0,0.0,0.0,1.245557,0.41118,0.0,0.0,0.0,0.0
2023-11-10,risk_on,1.590433,0.751813,0.248187,0.0,0.0,0.0,0.0,1.195709,0.394724,0.0,0.0,0.0,0.0
2023-11-17,risk_on,1.650093,0.751813,0.248187,0.0,0.0,0.0,0.0,1.240562,0.409531,0.0,0.0,0.0,0.0
2023-11-24,neutral,1.271022,0.377033,0.0,0.0,0.0,0.350839,0.272128,0.479218,0.0,0.0,0.0,0.445924,0.34588
2023-12-01,risk_on,1.708094,0.757116,0.229329,0.0,0.0,0.0,0.013555,1.293226,0.391715,0.0,0.0,0.0,0.023153
2023-12-08,neutral,1.325001,0.467427,0.0,0.0,0.0,0.351363,0.18121,0.619341,0.0,0.0,0.0,0.465557,0.240103
2023-12-15,risk_on,1.720822,0.757116,0.229329,0.0,0.0,0.0,0.013555,1.302862,0.394634,0.0,0.0,0.0,0.023325
2023-12-22,risk_on,1.742093,0.757116,0.229329,0.0,0.0,0.0,0.013555,1.318967,0.399513,0.0,0.0,0.0,0.023614
2023-12-29,risk_on,1.788912,0.757116,0.229329,0.0,0.0,0.0,0.013555,1.354414,0.410249,0.0,0.0,0.0,0.024248
2024-01-05,risk_off,1.096516,0.261126,0.0,0.149483,0.182156,0.404376,0.002859,0.286329,0.0,0.16391,0.199737,0.443405,0.003135
2024-01-12,risk_off,1.189347,0.261126,0.0,0.149483,0.182156,0.404376,0.002859,0.31057,0.0,0.177787,0.216646,0.480944,0.0034
2024-01-19,very_risk_off,1.058851,0.251915,0.0,0.269746,0.00149,0.431594,0.045255,0.266741,0.0,0.285621,0.001577,0.456994,0.047918
2024-01-26,risk_off,1.191345,0.261126,0.0,0.149483,0.182156,0.404376,0.002859,0.311091,0.0,0.178086,0.21701,0.481752,0.003406
2024-02-02,risk_off,1.220274,0.251849,0.0,0.155321,0.186483,0.401383,0.004965,0.307325,0.0,0.189534,0.22756,0.489797,0.006059
2024-02-09,risk_off,1.231525,0.251849,0.0,0.155321,0.186483,0.401383,0.004965,0.310158,0.0,0.191281,0.229658,0.494313,0.006115
2024-02-16,risk_off,1.239405,0.251849,0.0,0.155321,0.186483,0.401383,0.004965,0.312143,0.0,0.192505,0.231127,0.497475,0.006154
2024-02-23,risk_off,1.238715,0.251849,0.0,0.155321,0.186483,0.401383,0.004965,0.311969,0.0,0.192398,0.230999,0.497199,0.006151
2024-03-01,risk_on,1.604188,0.729787,0.0,0.0,0.0,0.0,0.270213,1.170715,0.0,0.0,0.0,0.0,0.433473
2024-03-08,risk_on,1.604547,0.729787,0.0,0.0,0.0,0.0,0.270213,1.170977,0.0,0.0,0.0,0.0,0.43357
2024-03-15,neutral,1.674789,0.525261,0.0,0.0,0.0,0.35202,0.122719,0.879701,0.0,0.0,0.0,0.58956,0.205528
2024-03-22,risk_off,1.273037,0.257293,0.0,0.153584,0.183633,0.401629,0.003861,0.327544,0.0,0.195518,0.233772,0.511288,0.004915
2024-03-29,risk_off,1.274291,0.257293,0.0,0.153584,0.183633,0.401629,0.003861,0.327866,0.0,0.19571,0.234002,0.511792,0.00492
2024-04-05,very_risk_off,1.094647,0.254795,0.0,0.270098,0.002505,0.432157,0.040445,0.27891,0.0,0.295662,0.002742,0.473059,0.044273
2024-04-12,very_risk_off,1.080361,0.254795,0.0,0.270098,0.002505,0.432157,0.040445,0.27527,0.0,0.291803,0.002707,0.466885,0.043695
2024-04-19,very_risk_off,1.085736,0.254795,0.0,0.270098,0.002505,0.432157,0.040445,0.27664,0.0,0.293255,0.00272,0.469208,0.043913
2024-04-26,risk_off,1.32436,0.256055,0.0,0.154284,0.184225,0.4013,0.004136,0.339109,0.0,0.204328,0.24398,0.531466,0.005478
2024-05-03,neutral,1.650601,0.382908,0.0,0.0,0.0,0.351721,0.265371,0.632029,0.0,0.0,0.0,0.58055,0.438022
2024-05-10,risk_on,1.710166,0.753167,0.0,0.0,0.0,0.0,0.246833,1.288041,0.0,0.0,0.0,0.0,0.422125
2024-05-17,risk_on,1.721068,0.753167,0.0,0.0,0.0,0.0,0.246833,1.296252,0.0,0.0,0.0,0.0,0.424816
2024-05-24,neutral,1.779379,0.382908,0.0,0.0,0.0,0.351721,0.265371,0.681339,0.0,0.0,0.0,0.625844,0.472196
2024-05-31,risk_off,1.368426,0.258293,0.0,0.153769,0.183016,0.401224,0.003698,0.353455,0.0,0.210421,0.250443,0.549046,0.005061
2024-06-07,very_risk_off,1.158716,0.256543,0.0,0.270311,0.003122,0.432498,0.037525,0.297261,0.0,0.313214,0.003618,0.501143,0.043481
2024-06-14,risk_off,1.357841,0.260841,0.0,0.152897,0.181691,0.401393,0.003178,0.354181,0.0,0.207609,0.246708,0.545028,0.004315
2024-06-21,risk_off,1.355602,0.260841,0.0,0.152897,0.181691,0.401393,0.003178,0.353596,0.0,0.207267,0.246301,0.544129,0.004308
2024-06-28,risk_off,1.355662,0.260841,0.0,0.152897,0.181691,0.401393,0.003178,0.353612,0.0,0.207276,0.246312,0.544154,0.004308
2024-07-05,risk_on,1.705788,0.683475,0.0,0.0,0.0,0.0,0.316525,1.165863,0.0,0.0,0.0,0.0,0.539925
2024-07-12,risk_on,1.691873,0.683475,0.0,0.0,0.0,0.0,0.316525,1.156352,0.0,0.0,0.0,0.0,0.53552
2024-07-19,risk_on,1.70466,0.683475,0.0,0.0,0.0,0.0,0.316525,1.165092,0.0,0.0,0.0,0.0,0.539568
2024-07-26,risk_on,1.664559,0.683475,0.0,0.0,0.0,0.0,0.316525,1.137684,0.0,0.0,0.0,0.0,0.526875
2024-08-02,risk_off,1.305704,0.260009,0.0,0.153793,0.18201,0.400792,0.003396,0.339495,0.0,0.200808,0.237652,0.523315,0.004434
2024-08-09,risk_off,1.305847,0.260009,0.0,0.153793,0.18201,0.400792,0.003396,0.339532,0.0,0.20083,0.237678,0.523373,0.004435
2024-08-16,neutral,1.54853,0.181018,0.0,0.0,0.0,0.353881,0.465101,0.280312,0.0,0.0,0.0,0.547995,0.720222
2024-08-23,risk_on,1.583,0.629202,0.0,0.0,0.019566,0.0,0.351232,0.996026,0.0,0.0,0.030973,0.0,0.556001
2024-08-30,risk_on,1.591009,0.629202,0.0,0.0,0.019566,0.0,0.351232,1.001065,0.0,0.0,0.03113,0.0,0.558814
2024-09-06,risk_on,1.602321,0.616003,0.0,0.0,0.038624,0.0,0.345373,0.987035,0.0,0.0,0.061888,0.0,0.553398
2024-09-13,neutral,1.277087,0.381876,0.0,0.0,0.0,0.156552,0.461572,0.487688,0.0,0.0,0.0,0.199931,0.589468
2024-09-20,risk_on,1.477714,0.616003,0.0,0.0,0.038624,0.0,0.345373,0.910277,0.0,0.0,0.057076,0.0,0.510362
2024-09-27,very_risk_on,2.0,0.228167,0.0,0.0,0.0,0.231696,0.540137,0.456334,0.0,0.0,0.0,0.463393,1.080273
2024-10-04,neutral,1.341918,0.253461,0.0,0.0,0.0,0.285615,0.460924,0.340124,0.0,0.0,0.0,0.383272,0.618522
2024-10-11,risk_off,1.256537,0.254733,0.0,0.157625,0.184368,0.398636,0.004638,0.320082,0.0,0.198062,0.231665,0.500901,0.005828
2024-10-18,neutral,1.374745,0.253461,0.0,0.0,0.0,0.285615,0.460924,0.348445,0.0,0.0,0.0,0.392648,0.633653
2024-10-25,risk_off,1.285929,0.254733,0.0,0.157625,0.184368,0.398636,0.004638,0.327569,0.0,0.202695,0.237084,0.512618,0.005964
2024-11-01,risk_off,1.295613,0.250316,0.0,0.160241,0.186443,0.397366,0.005634,0.324312,0.0,0.20761,0.241558,0.514832,0.0073
2024-11-08,neutral,1.440459,0.193543,0.0,0.0,0.0,0.345793,0.460664,0.278791,0.0,0.0,0.0,0.4981,0.663568
2024-11-15,neutral,1.41979,0.193543,0.0,0.0,0.0,0.345793,0.460664,0.27479,0.0,0.0,0.0,0.490953,0.654046
2024-11-22,neutral,1.3773,0.193543,0.0,0.0,0.0,0.345793,0.460664,0.266567,0.0,0.0,0.0,0.47626,0.634473
2024-11-29,neutral,1.368869,0.193543,0.0,0.0,0.0,0.345793,0.460664,0.264935,0.0,0.0,0.0,0.473345,0.630589
2024-12-06,very_risk_on,2.0,0.160372,0.0,0.0,0.0,0.251852,0.587775,0.320744,0.0,0.0,0.0,0.503705,1.175551
2024-12-13,neutral,1.383651,0.198167,0.0,0.0,0.0,0.352466,0.449367,0.274194,0.0,0.0,0.0,0.48769,0.621768
2024-12-20,risk_off,1.255816,0.250915,0.0,0.160104,0.186121,0.397343,0.005517,0.315103,0.0,0.201061,0.233733,0.49899,0.006928
2024-12-27,risk_off,1.238399,0.250915,0.0,0.160104,0.186121,0.397343,0.005517,0.310733,0.0,0.198273,0.230492,0.49207,0.006832
2025-01-03,risk_off,1.26043,0.254657,0.0,0.159023,0.184149,0.397408,0.004764,0.320977,0.0,0.200437,0.232106,0.500905,0.006004
2025-01-10,neutral,1.527179,0.355536,0.0,0.0,0.0,0.353324,0.291139,0.542967,0.0,0.0,0.0,0.539589,0.444622
2025-01-17,risk_on,1.753452,0.738459,0.025572,0.0,0.0,0.016517,0.219453,1.294852,0.044838,0.0,0.0,0.028962,0.3848
2025-01-24,very_risk_on,2.0,0.405047,0.0,0.0,0.0,0.252676,0.342277,0.810094,0.0,0.0,0.0,0.505353,0.684553
2025-01-31,very_risk_on,2.0,0.405047,0.0,0.0,0.0,0.252676,0.342277,0.810094,0.0,0.0,0.0,0.505353,0.684553
2025-02-07,risk_on,1.6992,0.741744,0.0,0.0,0.072789,0.0,0.185467,1.260372,0.0,0.0,0.123683,0.0,0.315145
2025-02-14,risk_on,1.718673,0.741744,0.0,0.0,0.072789,0.0,0.185467,1.274815,0.0,0.0,0.125101,0.0,0.318757
2025-02-21,risk_on,1.710529,0.741744,0.0,0.0,0.072789,0.0,0.185467,1.268775,0.0,0.0,0.124508,0.0,0.317246
2025-02-28,risk_on,1.693341,0.741744,0.0,0.0,0.072789,0.0,0.185467,1.256026,0.0,0.0,0.123257,0.0,0.314059
2025-03-07,risk_on,1.671006,0.656554,0.0,0.0,0.107649,0.0,0.235798,1.097105,0.0,0.0,0.179881,0.0,0.39402
2025-03-14,risk_off,1.282226,0.254657,0.0,0.159023,0.184149,0.397408,0.004764,0.326528,0.0,0.203903,0.23612,0.509567,0.006108
2025-03-21,neutral,1.647643,0.578115,0.0,0.0,0.0,0.352288,0.069597,0.952527,0.0,0.0,0.0,0.580445,0.114672
2025-03-28,risk_off,1.287077,0.254657,0.0,0.159023,0.184149,0.397408,0.004764,0.327763,0.0,0.204674,0.237014,0.511495,0.006131
2025-04-04,neutral,1.707375,0.621622,0.0,0.0,0.0,0.378378,0.0,1.061342,0.0,0.0,0.0,0.646034,0.0
2025-04-11,risk_off,1.14887,0.249505,0.0,0.162127,0.186555,0.395881,0.005932,0.286649,0.0,0.186263,0.214328,0.454816,0.006815
2025-04-18,risk_off,1.062246,0.249505,0.0,0.162127,0.186555,0.395881,0.005932,0.265036,0.0,0.172219,0.198167,0.420523,0.006301
2025-04-25,risk_on,1.344693,0.753205,0.0,0.0,0.116685,0.0,0.13011,1.01283,0.0,0.0,0.156905,0.0,0.174958
2025-05-02,risk_on,1.300791,0.728462,0.0,0.0,0.129546,0.0,0.141991,0.947578,0.0,0.0,0.168513,0.0,0.184701
2025-05-09,risk_on,1.284844,0.728462,0.0,0.0,0.129546,0.0,0.141991,0.935961,0.0,0.0,0.166447,0.0,0.182436
2025-05-16,neutral,1.38776,0.412135,0.088966,0.0,0.0,0.353051,0.145848,0.571945,0.123463,0.0,0.0,0.48995,0.202401
2025-05-23,risk_on,1.245269,0.728462,0.0,0.0,0.129546,0.0,0.141991,0.907132,0.0,0.0,0.16132,0.0,0.176817
2025-05-30,very_risk_on,2.0,0.39704,0.096192,0.0,0.0,0.253568,0.253199,0.794081,0.192385,0.0,0.0,0.507136,0.506398
2025-06-06,risk_on,1.300563,0.653112,0.0,0.0,0.06071,0.093447,0.192731,0.849413,0.0,0.0,0.078957,0.121534,0.250658
2025-06-13,risk_on,1.300713,0.653112,0.0,0.0,0.06071,0.093447,0.192731,0.849511,0.0,0.0,0.078967,0.121548,0.250687
2025-06-20,very_risk_on,1.990738,0.500274,0.0,0.0,0.0,0.253203,0.246523,0.995914,0.0,0.0,0.0,0.504061,0.490762
2025-06-27,very_risk_on,1.993905,0.500274,0.0,0.0,0.0,0.253203,0.246523,0.997499,0.0,0.0,0.0,0.504864,0.491543
2025-07-04,very_risk_on,1.865421,0.316006,0.0,0.0,0.0,0.253026,0.430967,0.589485,0.0,0.0,0.0,0.472001,0.803936
2025-07-11,risk_on,1.453816,0.70158,0.0,0.0,0.071814,0.158232,0.068374,1.019968,0.0,0.0,0.104404,0.230041,0.099404
2025-07-18,neutral,1.153505,0.270467,0.0,0.0,0.0,0.350653,0.37888,0.311985,0.0,0.0,0.0,0.40448,0.437041
2025-07-25,neutral,1.156551,0.270467,0.0,0.0,0.0,0.350653,0.37888,0.312809,0.0,0.0,0.0,0.405548,0.438195
2025-08-01,risk_off,1.095839,0.255979,0.0,0.159529,0.183284,0.396639,0.004569,0.280512,0.0,0.174818,0.20085,0.434653,0.005007
2025-08-08,risk_on,1.274802,0.512556,0.0,0.0,0.145175,0.065645,0.276623,0.653407,0.0,0.0,0.18507,0.083685,0.35264
2025-08-15,neutral,1.161107,0.29021,0.0,0.0,0.0,0.35122,0.358571,0.336964,0.0,0.0,0.0,0.407804,0.416339
2025-08-22,very_risk_on,1.909484,0.388778,0.0,0.0,0.0,0.251906,0.359316,0.742365,0.0,0.0,0.0,0.48101,0.686109
2025-08-29,very_risk_on,1.909633,0.388778,0.0,0.0,0.0,0.251906,0.359316,0.742423,0.0,0.0,0.0,0.481048,0.686162
2025-09-05,very_risk_on,1.944599,0.412928,0.0,0.0,0.0,0.25263,0.334442,0.80298,0.0,0.0,0.0,0.491264,0.650356
2025-09-12,very_risk_on,1.940252,0.412928,0.0,0.0,0.0,0.25263,0.334442,0.801185,0.0,0.0,0.0,0.490165,0.648902
2025-09-19,very_risk_on,1.962213,0.412928,0.0,0.0,0.0,0.25263,0.334442,0.810253,0.0,0.0,0.0,0.495714,0.656247
2025-09-26,risk_on,1.446314,0.546867,0.0,0.0,0.151913,0.14781,0.15341,0.790942,0.0,0.0,0.219714,0.21378,0.221879
2025-10-03,risk_off,1.109505,0.255475,0.0,0.163111,0.1829,0.393568,0.004947,0.283451,0.0,0.180972,0.202928,0.436665,0.005489
2025-10-10,risk_off,1.098658,0.255475,0.0,0.163111,0.1829,0.393568,0.004947,0.28068,0.0,0.179203,0.200944,0.432396,0.005435
